item_id,promo_typeCode,sale_price_before_promo,sale_price_time_promo,date_start,date_end
100551,5.0,159.9,139.9,2023-03-02,2023-03-15
100553,5.0,159.9,139.9,2023-03-02,2023-03-15
100554,5.0,159.9,139.9,2023-03-02,2023-03-15
100558,5.0,159.9,139.9,2023-03-02,2023-03-15
100530,2.0,36.9,24.6,2021-09-09,2021-09-22
100551,8.0,159.9,89.9,2021-11-30,2021-12-08
100553,8.0,159.9,89.9,2021-11-30,2021-12-08
100554,8.0,159.9,89.9,2021-11-30,2021-12-08
100556,8.0,159.9,89.9,2021-11-30,2021-12-08
100558,8.0,159.9,89.9,2021-11-30,2021-12-08
100139,6.0,744.9,629.9,2023-11-07,2023-11-27
100516,10.0,86.9,64.9,2020-02-20,2020-02-23
100453,5.0,119.9,74.9,2021-05-18,2021-05-19
100469,5.0,59.9,42.9,2021-05-18,2021-05-19
100474,5.0,59.9,42.9,2021-05-18,2021-05-19
100165,6.0,59.9,52.9,2023-08-03,2023-08-16
100192,6.0,119.9,96.9,2023-08-03,2023-08-16
100193,6.0,119.9,96.9,2023-08-03,2023-08-16
100228,6.0,139.9,99.9,2023-08-03,2023-08-16
100348,6.0,299.9,229.9,2023-08-03,2023-08-16
100399,6.0,239.9,179.9,2023-08-03,2023-08-16
100455,6.0,119.9,89.9,2023-08-03,2023-08-16
100464,6.0,75.9,69.9,2023-08-03,2023-08-16
100517,6.0,64.9,56.9,2023-08-03,2023-08-16
100544,6.0,229.9,179.9,2023-08-03,2023-08-16
100545,6.0,229.9,179.9,2023-08-03,2023-08-16
100683,6.0,289.9,189.9,2023-08-03,2023-08-16
100686,6.0,309.9,209.9,2023-08-03,2023-08-16
100139,6.0,744.9,629.9,2023-07-04,2023-07-24
100140,6.0,729.9,659.9,2023-07-04,2023-07-24
100370,5.0,339.9,169.9,2020-02-17,2020-02-19
100523,,129.9,99.9,2022-08-18,2022-08-29
100524,,129.9,99.9,2022-08-18,2022-08-29
100525,,129.9,99.9,2022-08-18,2022-08-29
100526,,129.9,99.9,2022-08-18,2022-08-29
100528,,129.9,99.9,2022-08-18,2022-08-29
100638,,149.9,109.9,2022-08-18,2022-08-29
100645,,149.9,109.9,2022-08-18,2022-08-29
100348,5.0,299.9,229.9,2023-10-25,2023-11-08
100354,5.0,419.9,269.9,2023-10-25,2023-11-08
100390,5.0,152.9,119.9,2023-10-25,2023-11-08
100394,5.0,172.0,119.9,2023-10-25,2023-11-08
100454,5.0,75.9,59.9,2023-10-25,2023-11-08
100470,5.0,49.9,44.9,2023-10-25,2023-11-05
100471,5.0,74.9,44.9,2023-10-25,2023-11-05
100473,5.0,49.9,44.9,2023-10-25,2023-11-08
100523,5.0,112.9,99.9,2023-10-25,2023-11-08
100524,5.0,112.9,99.9,2023-10-25,2023-11-08
100525,5.0,112.9,99.9,2023-10-25,2023-11-08
100526,5.0,112.9,99.9,2023-10-25,2023-11-08
100528,5.0,112.9,99.9,2023-10-25,2023-11-08
100668,5.0,239.9,184.9,2023-10-25,2023-11-08
100165,44.0,69.9,56.9,2023-09-28,2023-10-11
100386,44.0,69.9,59.9,2023-09-28,2023-10-11
100471,10.0,59.9,39.9,2021-06-15,2021-06-21
100473,10.0,59.9,39.9,2021-06-15,2021-06-21
100644,5.0,59.9,59.9,2023-05-10,2023-05-10
100648,5.0,59.9,59.9,2023-05-10,2023-05-10
100448,5.0,59.9,39.9,2020-01-02,2020-01-08
100454,5.0,59.9,39.9,2020-01-02,2020-01-08
100544,5.0,159.9,99.9,2020-01-02,2020-01-08
100545,5.0,159.9,99.9,2020-01-02,2020-01-08
100638,5.0,99.9,59.9,2020-01-02,2020-01-08
100645,5.0,99.9,59.9,2020-01-02,2020-01-08
100225,6.0,102.9,89.9,2021-11-02,2021-11-15
100227,6.0,102.9,89.9,2021-11-02,2021-11-15
100348,6.0,199.9,134.9,2021-11-02,2021-11-15
100375,6.0,209.9,119.9,2021-11-02,2021-11-15
100596,6.0,119.9,89.9,2021-11-02,2021-11-15
100651,6.0,60.9,42.9,2021-11-02,2021-11-15
100652,6.0,60.9,42.9,2021-11-02,2021-11-15
100656,6.0,114.9,79.9,2021-11-02,2021-11-15
100657,6.0,114.9,79.9,2021-11-02,2021-11-15
100662,6.0,144.9,99.9,2021-11-02,2021-11-15
100665,6.0,94.9,69.9,2021-11-02,2021-11-15
100469,5.0,49.9,49.9,2023-01-10,2023-01-11
100471,5.0,49.9,49.9,2023-01-10,2023-01-11
100474,5.0,49.9,49.9,2023-01-10,2023-01-11
100644,5.0,59.9,59.9,2023-01-10,2023-01-11
100648,5.0,59.9,59.9,2023-01-10,2023-01-11
100547,8.0,159.9,89.9,2021-10-07,2021-10-20
100399,6.0,229.9,169.9,2022-11-10,2022-11-23
100455,6.0,119.9,74.9,2022-11-10,2022-11-23
100656,6.0,139.9,99.9,2022-11-10,2022-11-23
100657,6.0,139.9,99.9,2022-11-10,2022-11-23
100354,5.0,699.9,269.9,2023-08-03,2023-08-16
100453,5.0,149.9,119.9,2023-08-03,2023-08-16
100454,5.0,82.9,69.9,2023-08-03,2023-08-16
100644,5.0,99.9,79.9,2023-08-03,2023-08-16
100648,5.0,99.9,79.9,2023-08-03,2023-08-16
100165,5.0,59.9,49.9,2022-09-15,2022-09-28
100375,5.0,259.9,179.9,2022-09-15,2022-09-28
100257,10.0,53.9,29.9,2020-08-04,2020-08-10
100259,10.0,53.9,29.9,2020-08-04,2020-08-10
100370,10.0,329.9,159.9,2020-08-04,2020-08-10
100469,10.0,53.9,35.9,2020-08-04,2020-08-10
100471,10.0,53.9,35.9,2020-08-04,2020-08-10
100474,10.0,53.9,35.9,2020-08-04,2020-08-10
100370,5.0,499.9,299.9,2023-07-20,2023-08-02
100448,5.0,83.9,72.9,2023-07-20,2023-08-02
100523,5.0,129.9,99.9,2023-07-20,2023-08-02
100524,5.0,129.9,99.9,2023-07-20,2023-08-02
100525,5.0,129.9,99.9,2023-07-20,2023-08-02
100526,5.0,129.9,99.9,2023-07-20,2023-08-02
100528,5.0,129.9,99.9,2023-07-20,2023-08-02
100638,5.0,149.9,119.9,2023-07-20,2023-08-02
100645,5.0,149.9,119.9,2023-07-20,2023-08-02
100471,10.0,74.9,49.9,2023-07-25,2023-07-31
100192,6.0,94.9,79.9,2020-02-06,2020-02-19
100193,6.0,94.9,79.9,2020-02-06,2020-02-19
100257,6.0,51.9,35.9,2020-02-06,2020-02-19
100259,6.0,51.9,35.9,2020-02-06,2020-02-19
100662,6.0,134.9,89.9,2020-02-06,2020-02-19
100664,6.0,99.9,69.9,2020-02-06,2020-02-19
100665,6.0,81.9,59.9,2020-02-06,2020-02-19
100192,6.0,94.9,69.9,2021-07-29,2021-08-11
100193,6.0,94.9,69.9,2021-07-29,2021-08-11
100228,6.0,104.9,79.9,2021-07-29,2021-08-11
100462,6.0,88.9,59.9,2021-07-29,2021-08-11
100638,6.0,114.9,89.9,2021-07-29,2021-08-11
100645,6.0,114.9,89.9,2021-07-29,2021-08-11
100668,6.0,169.9,119.9,2021-07-29,2021-08-11
100257,5.0,59.9,49.9,2023-01-19,2023-02-01
100259,5.0,59.9,49.9,2023-01-19,2023-02-01
100611,5.0,49.9,39.9,2023-01-19,2023-02-01
100612,5.0,49.9,39.9,2023-01-19,2023-02-01
100650,5.0,109.9,79.9,2023-01-19,2023-02-01
100257,10.0,51.5,29.9,2021-05-18,2021-05-24
100259,10.0,51.5,29.9,2021-05-18,2021-05-24
100257,5.0,51.0,37.9,2021-11-30,2021-12-08
100259,5.0,51.0,37.9,2021-11-30,2021-12-08
100354,5.0,329.9,169.9,2021-11-30,2021-12-08
100454,5.0,77.9,59.9,2021-11-30,2021-12-08
100611,5.0,39.9,32.9,2021-11-30,2021-12-08
100612,5.0,39.9,32.9,2021-11-30,2021-12-08
100650,5.0,89.9,57.9,2021-11-30,2021-12-08
100354,10.0,325.9,159.9,2021-06-08,2021-06-14
100544,10.0,189.9,104.9,2021-06-08,2021-06-14
100545,10.0,189.9,104.9,2021-06-08,2021-06-14
100126,6.0,499.9,379.9,2020-04-16,2020-05-06
100192,6.0,119.9,99.9,2023-03-16,2023-03-29
100193,6.0,119.9,99.9,2023-03-16,2023-03-29
100228,6.0,129.9,109.9,2023-03-16,2023-03-29
100348,6.0,299.9,219.9,2023-03-16,2023-03-29
100354,6.0,399.9,259.9,2023-03-16,2023-03-29
100453,6.0,147.9,119.9,2023-03-16,2023-03-29
100517,6.0,69.9,59.9,2023-03-16,2023-03-29
100651,6.0,92.9,64.9,2023-03-16,2023-03-29
100652,6.0,92.9,64.9,2023-03-16,2023-03-29
100225,6.0,129.9,109.9,2022-06-23,2022-07-06
100227,6.0,129.9,109.9,2022-06-23,2022-07-06
100257,6.0,64.9,57.9,2022-06-23,2022-07-06
100259,6.0,64.9,57.9,2022-06-23,2022-07-06
100354,6.0,579.9,329.9,2022-06-23,2022-07-06
100530,6.0,36.9,32.9,2022-06-23,2022-07-06
100638,6.0,149.9,119.9,2022-06-23,2022-07-06
100645,6.0,149.9,119.9,2022-06-23,2022-07-06
100651,6.0,92.9,69.9,2022-06-23,2022-07-06
100652,6.0,92.9,69.9,2022-06-23,2022-07-06
100257,5.0,51.0,37.9,2021-06-17,2021-06-30
100259,5.0,51.0,37.9,2021-06-17,2021-06-30
100516,5.0,99.9,84.9,2021-06-17,2021-06-30
100551,5.0,149.9,84.9,2021-06-17,2021-06-30
100553,5.0,149.9,84.9,2021-06-17,2021-06-30
100554,5.0,149.9,84.9,2021-06-17,2021-06-30
100556,5.0,149.9,84.9,2021-06-17,2021-06-30
100558,5.0,149.9,84.9,2021-06-17,2021-06-30
100257,8.0,59.9,49.9,2024-02-01,2024-02-14
100259,8.0,59.9,49.9,2024-02-01,2024-02-14
100644,5.0,99.9,79.9,2022-11-10,2022-11-14
100648,5.0,99.9,79.9,2022-11-10,2022-11-14
100257,6.0,49.9,35.9,2020-03-05,2020-03-18
100259,6.0,49.9,35.9,2020-03-05,2020-03-18
100517,6.0,45.0,35.0,2020-03-05,2020-03-18
100656,6.0,95.9,59.9,2020-03-05,2020-03-18
100657,6.0,95.9,59.9,2020-03-05,2020-03-18
100683,6.0,159.9,109.9,2020-03-05,2020-03-18
100686,6.0,159.9,109.9,2020-03-05,2020-03-18
100471,5.0,55.9,42.9,2021-01-19,2021-01-27
100473,5.0,55.9,42.9,2021-01-19,2021-01-27
100474,5.0,55.9,42.9,2021-01-19,2021-01-27
100638,5.0,149.9,109.9,2022-09-20,2022-09-28
100645,5.0,149.9,109.9,2022-09-20,2022-09-28
100638,10.0,149.9,99.9,2022-09-13,2022-09-19
100645,10.0,149.9,99.9,2022-09-13,2022-09-19
100453,10.0,144.9,99.9,2022-09-15,2022-09-28
100523,8.0,104.9,64.9,2021-11-02,2021-11-15
100524,8.0,104.9,64.9,2021-11-02,2021-11-15
100525,8.0,104.9,64.9,2021-11-02,2021-11-15
100526,8.0,104.9,64.9,2021-11-02,2021-11-15
100528,8.0,104.9,64.9,2021-11-02,2021-11-15
100348,6.0,299.9,229.9,2023-09-28,2023-10-11
100596,6.0,126.9,99.9,2023-09-28,2023-10-11
100651,6.0,92.9,69.9,2023-09-28,2023-10-11
100652,6.0,92.9,69.9,2023-09-28,2023-10-11
100516,5.0,119.9,95.9,2022-03-01,2022-03-08
100225,5.0,99.9,79.9,2020-09-03,2020-09-16
100227,5.0,99.9,79.9,2020-09-03,2020-09-16
100354,5.0,325.9,159.9,2020-09-03,2020-09-16
100375,5.0,209.9,129.9,2020-09-03,2020-09-16
100453,5.0,109.9,69.9,2020-09-03,2020-09-16
100192,5.0,94.9,69.9,2021-08-26,2021-09-08
100193,5.0,94.9,69.9,2021-08-26,2021-09-08
100225,5.0,103.0,89.9,2021-08-26,2021-09-08
100227,5.0,103.0,89.9,2021-08-26,2021-09-08
100448,5.0,74.9,52.9,2021-08-26,2021-09-08
100450,5.0,139.9,89.9,2021-08-26,2021-09-08
100516,5.0,99.9,84.9,2021-08-31,2021-09-08
100544,5.0,189.9,104.9,2021-08-26,2021-09-08
100545,5.0,189.9,104.9,2021-08-26,2021-09-08
100611,5.0,39.9,32.9,2021-08-26,2021-09-08
100612,5.0,39.9,32.9,2021-08-26,2021-09-08
100192,6.0,113.9,89.9,2022-03-17,2022-03-30
100193,6.0,113.9,89.9,2022-03-17,2022-03-30
100651,6.0,75.9,59.9,2022-03-17,2022-03-30
100652,6.0,75.9,59.9,2022-03-17,2022-03-30
100662,6.0,152.9,119.9,2022-03-17,2022-03-30
100664,6.0,119.9,109.9,2022-03-17,2022-03-30
100257,5.0,51.0,37.9,2021-10-07,2021-10-20
100259,5.0,51.0,37.9,2021-10-07,2021-10-20
100354,5.0,329.9,169.9,2021-10-07,2021-10-20
100448,5.0,77.9,59.9,2021-10-07,2021-10-20
100454,5.0,77.9,59.9,2021-10-07,2021-10-20
100464,5.0,77.9,54.9,2021-10-07,2021-10-20
100544,5.0,189.9,104.9,2021-10-07,2021-10-20
100545,5.0,189.9,104.9,2021-10-07,2021-10-20
100639,5.0,69.9,54.9,2021-10-07,2021-10-20
100646,5.0,69.9,54.9,2021-10-07,2021-10-20
100650,5.0,89.9,59.9,2021-10-07,2021-10-20
100530,2.0,36.9,24.6,2021-10-21,2021-11-01
100399,6.0,194.9,139.9,2021-02-11,2021-02-24
100462,6.0,88.9,59.9,2021-02-11,2021-02-24
100656,6.0,109.9,69.9,2021-02-11,2021-02-24
100657,6.0,109.9,69.9,2021-02-11,2021-02-24
100668,6.0,181.9,119.9,2021-02-11,2021-02-24
100683,6.0,189.9,119.9,2021-02-11,2021-02-24
100686,6.0,189.9,129.9,2021-02-11,2021-02-24
100621,6.0,119.9,99.9,2022-08-18,2022-08-29
100192,6.0,119.9,99.9,2022-10-27,2022-11-09
100193,6.0,119.9,99.9,2022-10-27,2022-11-09
100228,6.0,139.9,119.9,2022-10-27,2022-11-09
100348,6.0,299.9,229.9,2022-10-27,2022-11-09
100390,6.0,159.9,99.9,2022-10-27,2022-11-09
100394,6.0,159.9,99.9,2022-10-27,2022-11-09
100621,6.0,119.9,99.9,2022-10-27,2022-11-09
100469,10.0,59.9,37.9,2021-07-27,2021-08-02
100470,10.0,59.9,37.9,2021-07-27,2021-08-02
100165,8.0,64.9,49.9,2024-02-01,2024-02-14
100638,5.0,149.9,99.9,2022-11-10,2022-11-23
100645,5.0,149.9,99.9,2022-11-10,2022-11-23
100471,5.0,74.9,54.9,2022-11-15,2022-11-23
100474,5.0,74.9,54.9,2022-11-15,2022-11-23
100644,5.0,99.9,79.9,2022-11-22,2022-11-23
100648,5.0,99.9,79.9,2022-11-22,2022-11-23
100471,10.0,74.9,49.9,2022-11-08,2022-11-14
100474,10.0,74.9,49.9,2022-11-08,2022-11-14
100386,6.0,69.9,49.9,2023-03-02,2023-03-15
100390,6.0,159.9,99.9,2023-03-02,2023-03-15
100394,6.0,159.9,99.9,2023-03-02,2023-03-15
100656,6.0,139.9,99.9,2023-03-02,2023-03-15
100657,6.0,139.9,99.9,2023-03-02,2023-03-15
100683,6.0,289.9,209.9,2023-03-02,2023-03-15
100686,6.0,309.9,239.9,2023-03-02,2023-03-15
100140,6.0,729.9,659.9,2023-08-15,2023-09-04
100348,6.0,199.9,124.9,2021-09-09,2021-09-22
100390,6.0,119.9,89.9,2021-09-09,2021-09-22
100394,6.0,119.9,89.9,2021-09-09,2021-09-22
100399,6.0,189.9,142.9,2021-09-09,2021-09-22
100455,6.0,104.9,79.9,2021-09-09,2021-09-22
100464,6.0,79.9,49.9,2021-09-09,2021-09-22
100621,6.0,104.9,80.9,2021-09-09,2021-09-22
100668,6.0,187.9,129.9,2021-09-09,2021-09-22
100386,6.0,56.9,39.9,2021-12-21,2022-01-10
100417,6.0,56.9,39.9,2021-12-21,2022-01-10
100596,6.0,119.9,95.9,2021-12-21,2022-01-10
100638,6.0,119.9,79.9,2021-12-21,2022-01-10
100644,6.0,89.9,54.9,2021-12-21,2022-01-10
100645,6.0,119.9,79.9,2021-12-21,2022-01-10
100648,6.0,89.9,54.9,2021-12-21,2022-01-10
100651,6.0,60.9,44.9,2021-12-21,2022-01-10
100652,6.0,60.9,44.9,2021-12-21,2022-01-10
100656,6.0,114.9,79.9,2021-12-21,2022-01-10
100657,6.0,114.9,79.9,2021-12-21,2022-01-10
100530,2.0,35.8,23.87,2020-04-02,2020-04-15
100370,5.0,339.9,169.9,2020-01-02,2020-01-08
100462,5.0,85.9,62.9,2021-11-16,2021-11-29
100516,5.0,109.9,99.9,2021-11-16,2021-11-29
100544,5.0,189.9,106.9,2021-11-16,2021-11-29
100545,5.0,189.9,106.9,2021-11-16,2021-11-29
100450,5.0,99.9,85.9,2020-05-28,2020-06-09
100644,10.0,99.9,79.9,2022-11-15,2022-11-21
100648,10.0,99.9,79.9,2022-11-15,2022-11-21
100257,5.0,51.9,39.9,2021-03-02,2021-03-10
100259,5.0,51.9,39.9,2021-03-02,2021-03-10
100551,5.0,169.9,149.9,2023-03-30,2023-04-12
100553,5.0,169.9,149.9,2023-03-30,2023-04-12
100554,5.0,169.9,149.9,2023-03-30,2023-04-12
100558,5.0,169.9,149.9,2023-03-30,2023-04-12
100523,44.0,129.9,109.9,2023-03-30,2023-04-12
100524,44.0,129.9,109.9,2023-03-30,2023-04-12
100525,44.0,129.9,109.9,2023-03-30,2023-04-12
100526,44.0,129.9,109.9,2023-03-30,2023-04-12
100528,44.0,129.9,109.9,2023-03-30,2023-04-12
100621,6.0,119.9,99.9,2023-02-01,2023-02-28
100470,5.0,69.9,44.9,2023-10-17,2023-10-22
100473,5.0,69.9,44.9,2023-10-17,2023-10-22
100370,5.0,394.9,199.9,2020-06-30,2020-07-08
100547,5.0,189.9,149.9,2022-06-23,2022-07-06
100354,10.0,325.9,159.9,2021-05-11,2021-05-17
100453,10.0,119.9,69.9,2021-05-11,2021-05-17
100469,10.0,59.9,39.9,2021-05-11,2021-05-17
100474,10.0,59.9,39.9,2021-05-11,2021-05-17
100370,5.0,259.9,259.9,2022-06-14,2022-06-20
100045,6.0,599.9,499.9,2020-09-10,2020-09-28
100139,6.0,714.9,629.9,2020-09-10,2020-09-30
100140,6.0,699.9,629.9,2020-09-10,2020-09-30
100257,5.0,59.9,49.9,2023-03-16,2023-03-29
100259,5.0,59.9,49.9,2023-03-16,2023-03-29
100516,5.0,129.9,99.9,2023-03-16,2023-03-29
100611,5.0,49.9,39.9,2023-03-16,2023-03-29
100612,5.0,49.9,39.9,2023-03-16,2023-03-29
100650,5.0,109.9,79.9,2023-03-16,2023-03-29
100448,10.0,85.9,69.9,2023-03-16,2023-03-29
100448,23.0,89.9,54.9,2022-10-09,2022-10-10
100454,23.0,89.9,54.9,2022-10-09,2022-10-10
100650,23.0,109.9,59.9,2022-10-05,2022-10-06
100516,5.0,99.9,79.9,2021-02-25,2021-03-08
100471,5.0,59.9,42.9,2021-06-22,2021-06-30
100473,5.0,59.9,42.9,2021-06-22,2021-06-30
100370,5.0,399.9,199.9,2021-06-29,2021-06-30
100184,5.0,99.9,79.9,2023-04-25,2023-04-26
100257,5.0,59.9,49.9,2022-10-27,2022-11-09
100259,5.0,59.9,49.9,2022-10-27,2022-11-09
100354,5.0,579.9,259.9,2022-10-27,2022-11-09
100464,5.0,84.9,69.9,2022-10-27,2022-11-09
100611,5.0,49.9,39.9,2022-10-27,2022-11-09
100612,5.0,49.9,39.9,2022-10-27,2022-11-09
100650,5.0,109.9,69.9,2022-10-27,2022-11-09
100354,10.0,325.9,129.9,2020-02-06,2020-02-09
100257,10.0,51.9,29.9,2021-01-26,2021-02-01
100259,10.0,51.9,29.9,2021-01-26,2021-02-01
100370,10.0,279.9,159.9,2021-01-26,2021-02-01
100139,5.0,759.9,659.9,2023-06-15,2023-07-03
100192,5.0,119.9,99.9,2022-04-14,2022-04-27
100193,5.0,119.9,99.9,2022-04-14,2022-04-27
100370,5.0,459.9,309.9,2022-04-19,2022-04-27
100370,10.0,459.9,259.9,2022-04-12,2022-04-18
100448,5.0,79.9,59.9,2022-03-17,2022-03-30
100454,5.0,79.9,59.9,2022-03-17,2022-03-30
100462,5.0,99.9,69.9,2022-03-17,2022-03-30
100517,5.0,57.9,39.9,2022-03-17,2022-03-30
100544,5.0,199.9,119.9,2022-03-17,2022-03-30
100545,5.0,199.9,119.9,2022-03-17,2022-03-30
100691,5.0,99.9,79.9,2022-03-17,2022-03-30
100551,8.0,159.9,89.9,2021-12-21,2022-01-10
100553,8.0,159.9,89.9,2021-12-21,2022-01-10
100554,8.0,159.9,89.9,2021-12-21,2022-01-10
100556,8.0,159.9,89.9,2021-12-21,2022-01-10
100558,8.0,159.9,89.9,2021-12-21,2022-01-10
100354,5.0,699.9,269.9,2023-09-28,2023-10-11
100375,5.0,279.9,189.9,2023-09-28,2023-10-11
100454,5.0,85.9,59.9,2023-09-28,2023-10-11
100523,5.0,129.9,109.9,2023-09-28,2023-10-11
100524,5.0,129.9,109.9,2023-09-28,2023-10-11
100525,5.0,129.9,109.9,2023-09-28,2023-10-11
100526,5.0,129.9,109.9,2023-09-28,2023-10-11
100528,5.0,129.9,109.9,2023-09-28,2023-10-11
100650,5.0,109.9,92.9,2023-09-28,2023-10-11
100516,10.0,129.9,89.9,2023-09-28,2023-10-11
100454,5.0,85.9,72.9,2023-03-02,2023-03-15
100638,5.0,149.9,99.9,2023-03-02,2023-03-15
100645,5.0,149.9,99.9,2023-03-02,2023-03-15
100668,5.0,219.9,169.9,2023-03-02,2023-03-15
100650,5.0,109.9,79.9,2022-08-18,2022-08-29
100399,6.0,194.9,139.9,2020-10-01,2020-10-14
100621,6.0,92.9,79.9,2020-10-01,2020-10-14
100516,10.0,89.9,89.9,2022-10-25,2022-10-26
100184,10.0,94.9,49.9,2020-10-13,2020-10-19
100450,10.0,149.9,99.9,2022-10-27,2022-11-09
100516,10.0,119.9,99.9,2022-10-27,2022-11-09
100638,6.0,119.9,84.9,2021-10-21,2021-11-01
100645,6.0,119.9,84.9,2021-10-21,2021-11-01
100668,6.0,187.9,129.9,2021-10-21,2021-11-01
100551,5.0,159.9,139.9,2022-09-29,2022-10-12
100553,5.0,159.9,139.9,2022-09-29,2022-10-12
100554,5.0,159.9,139.9,2022-09-29,2022-10-12
100558,5.0,159.9,139.9,2022-09-29,2022-10-12
100354,,579.9,299.9,2022-09-29,2022-10-12
100523,,129.9,99.9,2022-09-29,2022-10-12
100524,,129.9,99.9,2022-09-29,2022-10-12
100525,,129.9,99.9,2022-09-29,2022-10-12
100526,,129.9,99.9,2022-09-29,2022-10-12
100528,,129.9,99.9,2022-09-29,2022-10-12
100544,5.0,166.9,99.9,2020-05-14,2020-05-27
100545,5.0,166.9,99.9,2020-05-14,2020-05-27
100516,5.0,89.9,89.9,2023-09-26,2023-09-27
100257,5.0,53.9,37.9,2021-11-02,2021-11-15
100259,5.0,53.9,37.9,2021-11-02,2021-11-15
100354,5.0,329.9,169.9,2021-11-02,2021-11-15
100370,5.0,439.9,199.9,2021-11-02,2021-11-15
100448,5.0,74.9,55.9,2021-11-02,2021-11-15
100453,5.0,109.9,79.9,2021-11-02,2021-11-15
100464,5.0,79.9,55.9,2021-11-02,2021-11-15
100601,5.0,69.9,49.9,2021-11-02,2021-11-15
100602,5.0,69.9,49.9,2021-11-02,2021-11-15
100604,5.0,69.9,49.9,2021-11-02,2021-11-15
100607,5.0,69.9,49.9,2021-11-02,2021-11-15
100650,5.0,89.9,57.9,2021-11-02,2021-11-15
100470,5.0,69.9,49.9,2023-10-24,2023-10-24
100473,5.0,69.9,49.9,2023-10-24,2023-10-24
100470,10.0,79.9,59.9,2023-03-02,2023-03-15
100473,10.0,79.9,59.9,2023-03-02,2023-03-15
100453,10.0,109.9,69.9,2021-01-19,2021-01-25
100192,6.0,109.9,89.9,2022-02-17,2022-02-28
100193,6.0,109.9,89.9,2022-02-17,2022-02-28
100257,6.0,55.9,39.9,2022-02-17,2022-02-28
100259,6.0,55.9,39.9,2022-02-17,2022-02-28
100639,6.0,69.9,64.9,2022-02-17,2022-02-28
100646,6.0,69.9,64.9,2022-02-17,2022-02-28
100651,6.0,79.9,49.9,2022-02-17,2022-02-28
100652,6.0,79.9,49.9,2022-02-17,2022-02-28
100140,6.0,729.9,649.9,2021-04-13,2021-05-04
100139,6.0,744.9,619.9,2021-07-27,2021-08-16
100399,6.0,229.9,169.9,2023-03-30,2023-04-12
100668,6.0,219.9,169.9,2023-03-30,2023-04-12
100683,6.0,289.9,189.9,2023-03-30,2023-04-12
100686,6.0,309.9,219.9,2023-03-30,2023-04-12
100050,6.0,259.9,224.9,2021-05-05,2021-05-24
100139,6.0,744.9,629.9,2021-05-05,2021-05-24
100348,6.0,199.9,119.9,2021-03-25,2021-04-07
100656,6.0,109.9,69.9,2021-03-25,2021-04-07
100657,6.0,109.9,69.9,2021-03-25,2021-04-07
100668,6.0,181.9,119.9,2021-03-25,2021-04-07
100375,5.0,209.9,99.9,2021-02-25,2021-03-10
100650,5.0,79.9,59.9,2021-02-25,2021-03-10
100192,5.0,94.9,69.9,2020-08-20,2020-09-02
100193,5.0,94.9,69.9,2020-08-20,2020-09-02
100348,5.0,199.9,129.9,2020-08-20,2020-09-02
100551,5.0,139.9,89.9,2020-08-20,2020-09-02
100553,5.0,139.9,89.9,2020-08-20,2020-09-02
100554,5.0,139.9,89.9,2020-08-20,2020-09-02
100556,5.0,139.9,89.9,2020-08-20,2020-09-02
100558,5.0,139.9,89.9,2020-08-20,2020-09-02
100650,5.0,79.9,59.9,2020-08-20,2020-09-02
100050,6.0,259.9,224.9,2021-01-26,2021-02-08
100140,6.0,699.9,629.9,2021-01-26,2021-02-08
100139,6.0,714.9,599.9,2020-12-03,2020-12-16
100140,6.0,699.9,629.9,2020-12-03,2020-12-16
100516,10.0,129.9,109.9,2022-08-18,2022-08-22
100192,5.0,94.9,69.9,2020-04-29,2020-05-13
100193,5.0,94.9,69.9,2020-04-29,2020-05-13
100257,5.0,53.9,34.9,2020-04-29,2020-05-13
100259,5.0,53.9,34.9,2020-04-29,2020-05-13
100375,5.0,209.9,149.9,2020-04-29,2020-05-13
100523,5.0,95.9,59.9,2020-04-29,2020-05-13
100524,5.0,95.9,59.9,2020-04-29,2020-05-13
100525,5.0,95.9,59.9,2020-04-29,2020-05-13
100526,5.0,95.9,59.9,2020-04-29,2020-05-13
100528,5.0,95.9,59.9,2020-04-29,2020-05-13
100354,5.0,325.9,159.9,2020-03-05,2020-03-18
100375,5.0,199.9,139.9,2020-03-05,2020-03-18
100668,5.0,181.9,109.9,2020-03-05,2020-03-18
100139,6.0,744.9,629.9,2022-11-08,2022-11-28
100140,6.0,729.9,669.9,2022-11-08,2022-11-28
100454,5.0,86.9,69.9,2023-04-04,2023-04-12
100644,5.0,99.9,79.9,2023-04-04,2023-04-12
100648,5.0,99.9,79.9,2023-04-04,2023-04-12
100370,5.0,449.9,269.9,2023-04-11,2023-04-12
100370,5.0,449.9,269.9,2023-03-30,2023-04-03
100045,5.0,599.9,499.9,2020-08-20,2020-09-09
100192,6.0,104.9,89.9,2022-09-29,2022-10-12
100193,6.0,104.9,89.9,2022-09-29,2022-10-12
100225,6.0,140.0,119.0,2022-09-29,2022-10-12
100227,6.0,140.0,119.0,2022-09-29,2022-10-12
100348,6.0,299.9,229.9,2022-09-29,2022-10-12
100399,6.0,229.9,169.9,2022-09-29,2022-10-12
100348,6.0,199.9,119.9,2021-04-22,2021-05-05
100386,6.0,56.9,37.9,2021-04-22,2021-05-05
100417,6.0,56.9,37.9,2021-04-22,2021-05-05
100596,6.0,119.9,89.9,2021-04-22,2021-05-05
100638,6.0,99.9,79.9,2021-04-22,2021-05-05
100645,6.0,99.9,79.9,2021-04-22,2021-05-05
100656,6.0,109.9,79.9,2021-04-22,2021-05-05
100657,6.0,109.9,79.9,2021-04-22,2021-05-05
100257,5.0,51.0,39.9,2021-12-21,2022-01-10
100259,5.0,51.0,39.9,2021-12-21,2022-01-10
100354,5.0,329.9,179.9,2021-12-21,2022-01-10
100544,5.0,189.9,109.9,2021-12-21,2022-01-10
100545,5.0,189.9,109.9,2021-12-21,2022-01-10
100192,5.0,94.9,69.9,2020-04-02,2020-04-15
100193,5.0,94.9,69.9,2020-04-02,2020-04-15
100523,5.0,95.9,59.9,2020-04-02,2020-04-15
100524,5.0,95.9,59.9,2020-04-02,2020-04-15
100525,5.0,95.9,59.9,2020-04-02,2020-04-15
100526,5.0,95.9,59.9,2020-04-02,2020-04-15
100528,5.0,95.9,59.9,2020-04-02,2020-04-15
100139,6.0,714.9,629.9,2020-07-30,2020-08-19
100140,6.0,679.9,629.9,2020-07-30,2020-08-19
100386,6.0,69.9,53.9,2022-07-21,2022-08-03
100417,6.0,53.9,39.9,2022-07-21,2022-08-03
100638,6.0,149.9,119.9,2022-07-21,2022-08-03
100645,6.0,149.9,119.9,2022-07-21,2022-08-03
100257,5.0,51.0,37.9,2021-09-09,2021-09-22
100259,5.0,51.0,37.9,2021-09-09,2021-09-22
100354,5.0,329.9,169.9,2021-09-09,2021-09-22
100551,5.0,149.9,84.9,2021-09-09,2021-09-22
100553,5.0,149.9,84.9,2021-09-09,2021-09-22
100554,5.0,149.9,84.9,2021-09-09,2021-09-22
100556,5.0,149.9,84.9,2021-09-09,2021-09-22
100558,5.0,149.9,84.9,2021-09-09,2021-09-22
100601,5.0,69.9,49.9,2021-09-09,2021-09-22
100602,5.0,69.9,49.9,2021-09-09,2021-09-22
100604,5.0,69.9,49.9,2021-09-09,2021-09-22
100607,5.0,69.9,49.9,2021-09-09,2021-09-22
100544,5.0,169.9,102.9,2020-10-29,2020-11-11
100545,5.0,169.9,102.9,2020-10-29,2020-11-11
100370,10.0,279.9,149.9,2020-12-15,2020-12-21
100683,6.0,239.9,169.9,2024-02-01,2024-02-14
100399,,229.9,149.9,2022-12-22,2023-01-11
100523,8.0,104.9,64.9,2021-03-25,2021-04-07
100524,8.0,104.9,64.9,2021-03-25,2021-04-07
100525,8.0,104.9,64.9,2021-03-25,2021-04-07
100526,8.0,104.9,64.9,2021-03-25,2021-04-07
100528,8.0,104.9,64.9,2021-03-25,2021-04-07
100639,5.0,94.9,79.9,2022-10-04,2022-10-12
100646,5.0,94.9,79.9,2022-10-04,2022-10-12
100390,6.0,124.9,89.9,2020-05-14,2020-05-27
100394,6.0,124.9,89.9,2020-05-14,2020-05-27
100464,6.0,89.9,59.9,2020-05-14,2020-05-27
100139,6.0,744.9,629.9,2022-03-03,2022-03-21
100140,6.0,729.9,669.9,2022-03-03,2022-03-21
100462,5.0,89.9,65.9,2021-10-21,2021-11-01
100551,5.0,159.9,99.9,2021-10-21,2021-11-01
100553,5.0,159.9,99.9,2021-10-21,2021-11-01
100554,5.0,159.9,99.9,2021-10-21,2021-11-01
100556,5.0,159.9,99.9,2021-10-21,2021-11-01
100558,5.0,159.9,99.9,2021-10-21,2021-11-01
100611,5.0,39.9,32.9,2021-10-21,2021-11-01
100612,5.0,39.9,32.9,2021-10-21,2021-11-01
100644,5.0,81.9,59.9,2021-10-21,2021-11-01
100648,5.0,81.9,59.9,2021-10-21,2021-11-01
100348,6.0,199.9,124.9,2021-05-20,2021-06-02
100375,6.0,199.9,109.9,2021-05-20,2021-06-02
100464,6.0,75.9,49.9,2021-05-20,2021-06-02
100596,6.0,119.9,89.9,2021-05-20,2021-06-02
100638,6.0,99.9,84.9,2021-05-20,2021-06-02
100645,6.0,99.9,84.9,2021-05-20,2021-06-02
100656,6.0,109.9,79.9,2021-05-20,2021-06-02
100657,6.0,109.9,79.9,2021-05-20,2021-06-02
100686,6.0,219.9,149.9,2021-05-20,2021-06-02
100139,6.0,744.9,629.9,2022-09-06,2022-09-26
100656,6.0,95.9,59.9,2020-07-09,2020-07-22
100657,6.0,95.9,59.9,2020-07-09,2020-07-22
100257,8.0,51.0,29.9,2021-04-22,2021-05-05
100259,8.0,51.0,29.9,2021-04-22,2021-05-05
100370,10.0,449.9,269.9,2023-04-04,2023-04-10
100454,10.0,86.9,69.9,2023-03-28,2023-04-03
100644,10.0,99.9,79.9,2023-03-28,2023-04-03
100648,10.0,99.9,79.9,2023-03-28,2023-04-03
100471,10.0,72.9,54.9,2023-03-30,2023-04-12
100354,10.0,325.9,129.9,2020-01-06,2020-01-08
100523,8.0,104.9,64.9,2021-08-12,2021-08-25
100524,8.0,104.9,64.9,2021-08-12,2021-08-25
100525,8.0,104.9,64.9,2021-08-12,2021-08-25
100526,8.0,104.9,64.9,2021-08-12,2021-08-25
100528,8.0,104.9,64.9,2021-08-12,2021-08-25
100469,5.0,59.9,42.9,2021-08-03,2021-08-11
100470,5.0,59.9,42.9,2021-08-03,2021-08-11
100375,6.0,279.9,179.9,2023-12-07,2023-12-20
100370,5.0,339.9,169.9,2020-02-06,2020-02-12
100469,5.0,64.9,49.9,2021-10-21,2021-10-25
100471,5.0,64.9,49.9,2021-10-21,2021-10-25
100473,5.0,64.9,49.9,2021-10-21,2021-10-25
100516,5.0,109.9,94.9,2021-10-21,2021-10-25
100184,5.0,89.9,79.9,2022-07-21,2022-08-03
100192,6.0,99.9,79.9,2021-12-09,2021-12-20
100193,6.0,99.9,79.9,2021-12-09,2021-12-20
100348,6.0,214.9,139.9,2021-12-09,2021-12-20
100668,6.0,187.9,129.9,2021-12-09,2021-12-20
100683,6.0,211.9,139.9,2021-12-09,2021-12-20
100686,6.0,222.9,149.9,2021-12-09,2021-12-20
100551,7.0,139.9,85.0,2020-01-02,2020-01-08
100553,7.0,139.9,85.0,2020-01-02,2020-01-08
100554,7.0,139.9,85.0,2020-01-02,2020-01-08
100556,7.0,139.9,85.0,2020-01-02,2020-01-08
100558,7.0,139.9,85.0,2020-01-02,2020-01-08
100228,6.0,95.9,79.9,2020-02-20,2020-03-04
100386,6.0,49.9,37.9,2020-02-20,2020-03-04
100399,6.0,166.0,109.9,2020-02-20,2020-03-04
100417,6.0,49.9,37.9,2020-02-20,2020-03-04
100453,10.0,109.9,69.9,2021-12-21,2021-12-27
100184,5.0,109.9,74.9,2022-02-17,2022-02-28
100453,5.0,109.9,89.9,2022-02-17,2022-02-28
100516,5.0,119.9,99.9,2022-02-17,2022-02-28
100650,5.0,89.9,64.9,2022-02-17,2022-02-28
100257,5.0,59.9,49.9,2022-09-29,2022-10-12
100259,5.0,59.9,49.9,2022-09-29,2022-10-12
100650,5.0,109.9,79.9,2022-09-29,2022-10-12
100257,5.0,53.9,35.9,2020-08-11,2020-08-19
100259,5.0,53.9,35.9,2020-08-11,2020-08-19
100644,6.0,109.9,79.9,2024-01-09,2024-01-10
100648,6.0,109.9,79.9,2024-01-09,2024-01-10
100683,6.0,239.9,169.9,2024-01-09,2024-01-10
100686,6.0,289.9,199.9,2024-01-09,2024-01-10
100470,8.0,69.9,44.9,2024-01-09,2024-01-10
100471,8.0,69.9,44.9,2024-01-09,2024-01-10
100140,6.0,679.9,629.9,2020-03-26,2020-04-15
100386,6.0,56.9,37.9,2021-03-11,2021-03-24
100417,6.0,56.9,37.9,2021-03-11,2021-03-24
100621,6.0,92.9,79.9,2021-03-11,2021-03-24
100192,6.0,119.9,99.9,2022-12-22,2023-01-11
100193,6.0,119.9,99.9,2022-12-22,2023-01-11
100225,6.0,139.9,114.9,2022-12-22,2023-01-11
100227,6.0,139.9,114.9,2022-12-22,2023-01-11
100257,6.0,59.9,49.9,2022-12-22,2023-01-11
100259,6.0,59.9,49.9,2022-12-22,2023-01-11
100348,6.0,299.9,219.9,2022-12-22,2023-01-11
100386,6.0,69.9,56.9,2022-12-22,2023-01-11
100455,6.0,119.9,89.9,2022-12-22,2023-01-11
100656,6.0,139.9,99.9,2022-12-22,2023-01-11
100657,6.0,139.9,99.9,2022-12-22,2023-01-11
100354,5.0,325.9,159.9,2020-04-06,2020-04-15
100165,6.0,59.9,49.9,2022-05-12,2022-05-25
100228,6.0,129.9,99.9,2022-05-12,2022-05-25
100348,6.0,329.9,279.9,2022-05-12,2022-05-25
100621,6.0,114.9,89.9,2022-05-12,2022-05-25
100668,6.0,189.9,159.9,2022-05-12,2022-05-25
100691,6.0,159.9,99.9,2022-05-12,2022-05-25
100370,5.0,449.9,289.9,2022-07-26,2022-08-03
100370,10.0,449.9,269.9,2022-07-19,2022-07-25
100516,10.0,129.9,109.9,2022-07-21,2022-08-03
100516,5.0,99.9,79.9,2021-04-27,2021-05-05
100544,5.0,189.9,104.9,2021-04-22,2021-05-05
100545,5.0,189.9,104.9,2021-04-22,2021-05-05
100611,5.0,35.9,29.9,2021-04-22,2021-05-05
100612,5.0,35.9,29.9,2021-04-22,2021-05-05
100516,10.0,99.9,79.9,2021-08-24,2021-08-30
100517,6.0,59.9,49.9,2023-11-23,2023-12-06
100354,5.0,325.9,169.9,2020-07-09,2020-07-13
100354,5.0,325.9,169.9,2020-05-28,2020-06-01
100354,5.0,325.9,169.9,2020-07-21,2020-07-22
100386,44.0,69.9,59.9,2023-08-17,2023-08-30
100140,6.0,679.9,629.9,2020-02-13,2020-03-04
100639,10.0,94.9,79.9,2022-09-27,2022-10-03
100646,10.0,94.9,79.9,2022-09-27,2022-10-03
100471,10.0,79.9,49.9,2022-09-29,2022-10-12
100474,10.0,79.9,49.9,2022-09-29,2022-10-12
100165,5.0,49.9,39.9,2021-03-25,2021-04-07
100448,5.0,79.9,54.9,2021-03-25,2021-04-07
100551,5.0,139.9,89.9,2021-03-25,2021-04-07
100553,5.0,139.9,89.9,2021-03-25,2021-04-07
100554,5.0,139.9,89.9,2021-03-25,2021-04-07
100556,5.0,139.9,89.9,2021-03-25,2021-04-07
100558,5.0,139.9,89.9,2021-03-25,2021-04-07
100516,5.0,99.9,99.9,2022-07-26,2022-08-01
100257,8.0,51.0,29.9,2021-05-25,2021-06-02
100259,8.0,51.0,29.9,2021-05-25,2021-06-02
100547,8.0,159.9,89.9,2021-05-20,2021-06-02
100448,5.0,59.9,59.9,2023-03-14,2023-03-15
100448,5.0,59.9,42.9,2020-04-16,2020-04-28
100551,5.0,139.9,85.0,2020-04-16,2020-04-28
100553,5.0,139.9,85.0,2020-04-16,2020-04-28
100554,5.0,139.9,85.0,2020-04-16,2020-04-28
100556,5.0,139.9,85.0,2020-04-16,2020-04-28
100558,5.0,139.9,85.0,2020-04-16,2020-04-28
100645,5.0,99.9,69.9,2020-04-16,2020-04-28
100184,5.0,89.9,79.9,2024-01-30,2024-02-14
100448,5.0,79.9,59.9,2024-01-30,2024-02-14
100453,5.0,149.9,109.9,2024-01-30,2024-02-14
100470,5.0,69.9,49.9,2024-01-30,2024-02-14
100471,5.0,69.9,49.9,2024-01-30,2024-02-14
100473,5.0,69.9,49.9,2024-01-30,2024-02-14
100474,5.0,69.9,49.9,2024-01-30,2024-02-14
100650,5.0,109.9,79.9,2024-01-30,2024-02-14
100348,6.0,299.9,229.9,2022-07-07,2022-07-20
100375,6.0,259.9,169.9,2022-07-07,2022-07-20
100621,6.0,119.9,99.9,2022-07-07,2022-07-20
100656,6.0,139.9,109.9,2022-07-07,2022-07-20
100657,6.0,139.9,99.9,2022-07-07,2022-07-20
100668,6.0,189.9,159.9,2022-07-07,2022-07-20
100354,5.0,269.9,269.9,2022-07-12,2022-07-18
100523,8.0,104.9,69.9,2021-12-09,2021-12-20
100524,8.0,104.9,69.9,2021-12-09,2021-12-20
100525,8.0,104.9,69.9,2021-12-09,2021-12-20
100526,8.0,104.9,69.9,2021-12-09,2021-12-20
100528,8.0,104.9,69.9,2021-12-09,2021-12-20
100370,5.0,439.9,199.9,2021-12-09,2021-12-13
100370,5.0,394.9,199.9,2020-05-25,2020-05-27
100370,5.0,399.9,189.9,2021-07-29,2021-08-11
100454,5.0,74.9,52.9,2021-07-29,2021-08-11
100551,5.0,149.9,84.9,2021-07-29,2021-08-11
100553,5.0,149.9,84.9,2021-07-29,2021-08-11
100554,5.0,149.9,84.9,2021-07-29,2021-08-11
100556,5.0,149.9,84.9,2021-07-29,2021-08-11
100558,5.0,149.9,84.9,2021-07-29,2021-08-11
100544,44.0,229.9,169.9,2023-11-23,2023-12-06
100545,44.0,229.9,179.9,2023-11-23,2023-12-06
100639,44.0,99.9,82.9,2023-11-23,2023-12-06
100646,44.0,99.9,79.9,2023-11-23,2023-12-06
100140,6.0,749.9,689.9,2023-12-19,2024-01-08
100245,5.0,64.9,54.9,2021-08-12,2021-08-25
100257,5.0,51.0,37.9,2021-08-12,2021-08-25
100259,5.0,51.0,37.9,2021-08-12,2021-08-25
100354,5.0,329.9,169.9,2021-08-12,2021-08-25
100650,5.0,79.9,59.9,2021-08-12,2021-08-25
100375,6.0,232.9,149.9,2022-03-01,2022-03-16
100656,6.0,114.9,79.9,2022-03-01,2022-03-16
100657,6.0,114.9,79.9,2022-03-01,2022-03-16
100668,6.0,189.9,139.9,2022-03-01,2022-03-16
100165,5.0,59.9,49.9,2022-12-22,2023-01-11
100516,5.0,119.9,99.9,2022-12-22,2023-01-11
100544,5.0,229.9,194.9,2022-12-22,2023-01-11
100545,5.0,229.9,194.9,2022-12-22,2023-01-11
100547,5.0,189.9,139.9,2022-12-22,2023-01-11
100650,5.0,109.9,69.9,2022-12-22,2023-01-11
100554,5.0,149.9,149.9,2023-11-09,2023-11-22
100556,5.0,167.9,167.9,2023-11-09,2023-11-22
100370,44.0,499.9,299.9,2023-11-09,2023-11-22
100386,44.0,69.9,59.9,2023-11-09,2023-11-22
100390,6.0,169.9,109.9,2023-08-17,2023-08-30
100394,6.0,169.9,109.9,2023-08-17,2023-08-30
100450,6.0,119.9,99.9,2023-08-17,2023-08-30
100651,6.0,92.9,69.9,2023-08-17,2023-08-30
100652,6.0,92.9,69.9,2023-08-17,2023-08-30
100668,6.0,239.9,189.9,2023-08-17,2023-08-30
100192,5.0,119.9,99.9,2022-05-12,2022-05-25
100193,5.0,119.9,99.9,2022-05-12,2022-05-25
100448,5.0,79.9,69.9,2022-05-12,2022-05-25
100462,5.0,119.9,94.9,2022-05-12,2022-05-25
100523,5.0,129.9,99.9,2022-05-12,2022-05-25
100524,5.0,129.9,99.9,2022-05-12,2022-05-25
100525,5.0,129.9,99.9,2022-05-12,2022-05-25
100526,5.0,129.9,99.9,2022-05-12,2022-05-25
100528,5.0,129.9,99.9,2022-05-12,2022-05-25
100547,5.0,189.9,169.9,2022-05-12,2022-05-25
100601,5.0,76.9,59.9,2022-05-12,2022-05-25
100602,5.0,76.9,59.9,2022-05-12,2022-05-25
100604,5.0,76.9,59.9,2022-05-12,2022-05-25
100607,5.0,76.9,59.9,2022-05-12,2022-05-25
100471,5.0,79.9,64.9,2022-05-17,2022-05-25
100471,10.0,79.9,59.9,2022-05-11,2022-05-16
100370,5.0,399.9,199.9,2021-04-27,2021-05-05
100644,5.0,89.9,69.9,2022-05-04,2022-05-11
100648,5.0,89.9,69.9,2022-05-04,2022-05-11
100370,5.0,399.9,199.9,2021-03-11,2021-03-15
100469,5.0,59.9,42.9,2021-03-11,2021-03-15
100470,5.0,59.9,42.9,2021-03-11,2021-03-15
100601,6.0,79.9,59.9,2023-11-23,2023-12-06
100602,6.0,79.9,59.9,2023-11-23,2023-12-06
100604,6.0,79.9,59.9,2023-11-23,2023-12-06
100607,6.0,79.9,59.9,2023-11-23,2023-12-06
100354,10.0,325.9,149.9,2020-07-14,2020-07-20
100544,10.0,166.9,99.9,2020-07-14,2020-07-20
100545,10.0,166.9,99.9,2020-07-14,2020-07-20
100228,6.0,139.9,109.9,2023-06-22,2023-07-05
100399,6.0,239.9,179.9,2023-06-22,2023-07-05
100596,6.0,126.9,99.9,2023-06-22,2023-07-05
100544,5.0,169.9,102.9,2020-09-03,2020-09-16
100545,5.0,169.9,102.9,2020-09-03,2020-09-16
100184,5.0,129.9,89.9,2022-04-28,2022-05-11
100354,5.0,629.9,349.9,2022-04-28,2022-05-11
100370,5.0,459.9,309.9,2022-04-28,2022-05-11
100464,5.0,89.9,64.9,2022-04-28,2022-05-11
100551,5.0,199.9,149.9,2022-04-28,2022-05-11
100553,5.0,199.9,149.9,2022-04-28,2022-05-11
100554,5.0,199.9,149.9,2022-04-28,2022-05-11
100558,5.0,199.9,149.9,2022-04-28,2022-05-11
100645,5.0,149.9,109.9,2022-04-28,2022-05-11
100470,5.0,73.9,64.9,2022-07-07,2022-07-20
100523,16.0,109.9,69.9,2022-03-01,2022-03-16
100524,16.0,109.9,69.9,2022-03-01,2022-03-16
100525,16.0,109.9,69.9,2022-03-01,2022-03-16
100526,16.0,109.9,69.9,2022-03-01,2022-03-16
100528,16.0,109.9,69.9,2022-03-01,2022-03-16
100547,16.0,159.9,94.9,2022-03-01,2022-03-16
100370,2.0,499.9,229.9,2022-03-01,2022-03-14
100516,10.0,139.9,119.9,2022-04-19,2022-04-25
100516,5.0,84.9,59.9,2020-08-16,2020-08-17
100448,5.0,86.9,65.9,2023-08-17,2023-08-30
100470,5.0,74.9,54.9,2023-08-17,2023-08-30
100473,5.0,74.9,54.9,2023-08-17,2023-08-30
100516,5.0,129.9,99.9,2023-08-17,2023-08-30
100523,5.0,129.9,109.9,2023-08-17,2023-08-30
100524,5.0,129.9,109.9,2023-08-17,2023-08-30
100525,5.0,129.9,109.9,2023-08-17,2023-08-30
100526,5.0,129.9,109.9,2023-08-17,2023-08-30
100528,5.0,129.9,109.9,2023-08-17,2023-08-30
100650,23.0,89.9,49.9,2021-10-13,2021-10-14
100516,23.0,99.9,74.9,2021-10-15,2021-10-16
100448,5.0,85.9,59.9,2023-10-10,2023-10-25
100453,5.0,149.9,99.9,2023-10-10,2023-10-25
100638,5.0,179.9,99.9,2023-10-10,2023-10-25
100645,5.0,179.9,99.9,2023-10-10,2023-10-25
100257,5.0,51.0,35.9,2021-03-30,2021-04-07
100259,5.0,51.0,35.9,2021-03-30,2021-04-07
100454,10.0,79.9,63.9,2023-11-23,2023-12-06
100470,10.0,69.9,49.9,2023-11-23,2023-12-04
100471,10.0,69.9,49.9,2023-11-23,2023-12-06
100650,5.0,79.9,59.9,2021-05-20,2021-06-02
100165,6.0,59.9,54.9,2023-11-09,2023-11-22
100470,5.0,49.9,49.9,2023-02-28,2023-03-01
100473,5.0,49.9,49.9,2023-02-28,2023-03-01
100354,5.0,325.9,169.9,2020-06-09,2020-06-09
100140,6.0,729.9,649.9,2021-03-02,2021-03-22
100370,5.0,329.9,169.9,2020-09-22,2020-09-30
100469,5.0,73.9,64.9,2022-07-12,2022-07-20
100473,5.0,73.9,64.9,2022-07-12,2022-07-20
100469,10.0,73.9,49.9,2022-07-05,2022-07-11
100473,10.0,73.9,49.9,2022-07-05,2022-07-11
100354,10.0,579.9,289.9,2022-07-07,2022-07-20
100139,6.0,744.9,619.9,2021-08-17,2021-09-06
100140,6.0,729.9,649.9,2021-08-17,2021-09-06
100486,6.0,41.9,34.9,2020-06-10,2020-06-24
100487,6.0,41.9,34.9,2020-06-10,2020-06-24
100192,6.0,94.9,69.9,2021-07-01,2021-07-14
100193,6.0,94.9,69.9,2021-07-01,2021-07-14
100375,6.0,199.9,109.9,2021-07-01,2021-07-14
100455,6.0,99.9,69.9,2021-07-01,2021-07-14
100596,6.0,119.9,89.9,2021-07-01,2021-07-14
100651,6.0,57.9,39.9,2021-07-01,2021-07-14
100652,6.0,57.9,39.9,2021-07-01,2021-07-14
100656,6.0,109.9,79.9,2021-07-01,2021-07-14
100657,6.0,109.9,79.9,2021-07-01,2021-07-14
100662,6.0,139.9,99.9,2021-07-01,2021-07-14
100665,6.0,99.9,74.9,2021-07-01,2021-07-14
100691,6.0,85.9,59.9,2021-07-01,2021-07-14
100126,44.0,449.9,419.9,2023-12-19,2024-01-08
100691,6.0,109.9,89.9,2024-01-18,2024-01-31
100544,10.0,189.9,104.9,2021-04-27,2021-05-03
100545,10.0,189.9,104.9,2021-04-27,2021-05-03
100551,5.0,169.9,149.9,2022-08-04,2022-08-17
100553,5.0,169.9,149.9,2022-08-04,2022-08-17
100554,5.0,169.9,149.9,2022-08-04,2022-08-17
100558,5.0,169.9,149.9,2022-08-04,2022-08-17
100448,5.0,85.9,69.9,2023-06-22,2023-07-05
100650,5.0,109.9,89.9,2023-06-22,2023-07-05
100691,5.0,129.9,99.9,2023-06-22,2023-07-05
100470,10.0,74.9,49.9,2023-06-22,2023-07-05
100473,10.0,74.9,49.9,2023-06-22,2023-07-05
100348,6.0,199.9,129.9,2020-12-22,2021-01-11
100544,6.0,169.9,102.9,2020-12-29,2021-01-11
100545,6.0,169.9,102.9,2020-12-29,2021-01-11
100596,6.0,119.9,89.9,2020-12-22,2021-01-11
100638,6.0,99.9,69.9,2020-12-22,2021-01-11
100645,6.0,99.9,69.9,2020-12-22,2021-01-11
100651,6.0,57.9,39.9,2020-12-22,2021-01-11
100652,6.0,57.9,39.9,2020-12-22,2021-01-11
100656,6.0,109.9,69.9,2020-12-22,2021-01-11
100657,6.0,109.9,69.9,2020-12-22,2021-01-11
100644,10.0,89.9,59.9,2022-04-26,2022-05-03
100648,10.0,89.9,59.9,2022-04-26,2022-05-03
100517,6.0,64.9,59.9,2023-10-26,2023-11-08
100596,6.0,126.9,99.9,2023-10-26,2023-11-08
100126,6.0,499.9,369.9,2020-01-09,2020-01-22
100165,6.0,55.9,49.9,2023-11-07,2023-11-08
100126,6.0,499.9,399.9,2022-02-08,2022-03-02
100448,5.0,59.9,39.9,2020-02-06,2020-02-19
100523,5.0,89.9,59.9,2020-02-06,2020-02-19
100524,5.0,89.9,59.9,2020-02-06,2020-02-19
100525,5.0,89.9,59.9,2020-02-06,2020-02-19
100526,5.0,89.9,59.9,2020-02-06,2020-02-19
100528,5.0,89.9,59.9,2020-02-06,2020-02-19
100348,6.0,199.9,129.9,2020-06-10,2020-06-24
100386,6.0,51.9,39.9,2020-06-10,2020-06-24
100417,6.0,51.9,39.9,2020-06-10,2020-06-24
100530,6.0,35.9,25.9,2020-06-10,2020-06-24
100650,6.0,74.9,59.9,2020-06-10,2020-06-24
100662,6.0,134.9,99.9,2020-06-10,2020-06-24
100664,6.0,103.9,79.9,2020-06-10,2020-06-24
100665,6.0,89.9,69.9,2020-06-10,2020-06-24
100644,5.0,99.9,79.9,2023-10-11,2023-10-25
100648,5.0,99.9,79.9,2023-10-11,2023-10-25
100448,5.0,77.9,55.9,2021-12-09,2021-12-20
100469,5.0,75.9,49.9,2021-12-09,2021-12-20
100471,5.0,75.9,49.9,2021-12-09,2021-12-20
100473,5.0,75.9,49.9,2021-12-09,2021-12-20
100192,6.0,109.9,79.9,2022-01-20,2022-02-02
100193,6.0,109.9,79.9,2022-01-20,2022-02-02
100257,6.0,55.9,39.9,2022-01-20,2022-02-02
100259,6.0,55.9,39.9,2022-01-20,2022-02-02
100375,6.0,229.9,129.9,2022-01-20,2022-02-02
100639,6.0,69.9,64.9,2022-01-20,2022-02-02
100646,6.0,69.9,64.9,2022-01-20,2022-02-02
100656,6.0,114.9,79.9,2022-01-20,2022-02-02
100657,6.0,114.9,79.9,2022-01-20,2022-02-02
100668,6.0,189.9,139.9,2022-01-20,2022-02-02
100354,5.0,329.9,179.9,2022-03-01,2022-03-16
100638,5.0,119.9,89.9,2022-03-01,2022-03-16
100645,5.0,119.9,89.9,2022-03-01,2022-03-16
100139,6.0,744.9,619.9,2021-06-15,2021-07-05
100517,44.0,69.9,49.9,2024-01-18,2024-01-31
100523,44.0,129.9,109.9,2024-01-18,2024-01-31
100524,44.0,129.9,109.9,2024-01-18,2024-01-31
100525,44.0,129.9,109.9,2024-01-18,2024-01-31
100526,44.0,129.9,109.9,2024-01-18,2024-01-31
100528,44.0,129.9,109.9,2024-01-18,2024-01-31
100228,5.0,95.9,79.9,2020-10-01,2020-10-14
100348,5.0,199.9,129.9,2020-10-01,2020-10-14
100375,5.0,209.9,129.9,2020-10-01,2020-10-14
100448,5.0,59.9,44.9,2020-10-01,2020-10-14
100454,5.0,59.9,44.9,2020-10-01,2020-10-14
100469,5.0,53.9,37.9,2020-10-06,2020-10-14
100470,5.0,53.9,37.9,2020-10-06,2020-10-14
100611,5.0,35.9,26.9,2020-10-01,2020-10-14
100612,5.0,35.9,26.9,2020-10-01,2020-10-14
100192,5.0,94.9,79.9,2021-03-11,2021-03-24
100193,5.0,94.9,79.9,2021-03-11,2021-03-24
100453,5.0,109.9,74.9,2021-03-11,2021-03-24
100544,5.0,189.9,104.9,2021-03-11,2021-03-24
100545,5.0,189.9,104.9,2021-03-11,2021-03-24
100611,5.0,35.9,29.9,2021-03-11,2021-03-24
100612,5.0,35.9,29.9,2021-03-11,2021-03-24
100523,8.0,104.9,69.9,2022-01-20,2022-02-02
100524,8.0,104.9,69.9,2022-01-20,2022-02-02
100525,8.0,104.9,69.9,2022-01-20,2022-02-02
100526,8.0,104.9,69.9,2022-01-20,2022-02-02
100528,8.0,104.9,69.9,2022-01-20,2022-02-02
100650,8.0,89.9,67.9,2022-01-20,2022-02-02
100370,10.0,499.9,229.9,2022-03-15,2022-03-21
100192,5.0,94.9,79.9,2021-02-11,2021-02-24
100193,5.0,94.9,79.9,2021-02-11,2021-02-24
100354,5.0,325.9,159.9,2021-02-11,2021-02-24
100450,5.0,119.9,79.9,2021-02-11,2021-02-24
100453,5.0,109.9,74.9,2021-02-11,2021-02-24
100454,5.0,74.9,49.9,2021-02-11,2021-02-24
100523,5.0,95.9,59.9,2021-02-11,2021-02-24
100524,5.0,95.9,59.9,2021-02-11,2021-02-24
100525,5.0,95.9,59.9,2021-02-11,2021-02-24
100526,5.0,95.9,59.9,2021-02-11,2021-02-24
100528,5.0,95.9,59.9,2021-02-11,2021-02-24
100547,5.0,159.9,89.9,2021-02-11,2021-02-24
100644,5.0,77.9,54.9,2021-02-11,2021-02-24
100648,5.0,77.9,54.9,2021-02-11,2021-02-24
100551,1.0,149.9,74.95,2021-02-25,2021-03-10
100553,1.0,149.9,74.95,2021-02-25,2021-03-10
100554,1.0,149.9,74.95,2021-02-25,2021-03-10
100556,1.0,149.9,74.95,2021-02-25,2021-03-10
100558,1.0,149.9,74.95,2021-02-25,2021-03-10
100228,6.0,137.9,109.9,2022-08-04,2022-08-17
100257,6.0,59.9,56.9,2022-08-04,2022-08-17
100259,6.0,59.9,56.9,2022-08-04,2022-08-17
100348,6.0,299.9,219.9,2022-08-04,2022-08-17
100639,6.0,94.9,79.9,2022-08-04,2022-08-17
100644,6.0,99.9,74.9,2022-08-04,2022-08-17
100646,6.0,94.9,79.9,2022-08-04,2022-08-17
100648,6.0,99.9,74.9,2022-08-04,2022-08-17
100651,6.0,92.9,69.9,2022-08-04,2022-08-17
100652,6.0,92.9,69.9,2022-08-04,2022-08-17
100668,6.0,189.9,149.9,2022-08-04,2022-08-17
100683,6.0,289.9,179.9,2022-08-04,2022-08-17
100686,6.0,309.9,209.9,2022-08-04,2022-08-17
100370,5.0,449.9,283.5,2022-09-13,2022-09-14
100370,5.0,449.9,283.5,2022-08-30,2022-09-05
100651,6.0,92.9,64.9,2024-01-18,2024-01-31
100652,6.0,92.9,64.9,2024-01-18,2024-01-31
100530,2.0,36.9,24.6,2020-11-26,2020-12-09
100516,5.0,139.9,89.9,2023-11-21,2023-11-26
100257,10.0,51.9,29.9,2021-02-24,2021-03-01
100259,10.0,51.9,29.9,2021-02-24,2021-03-01
100370,10.0,439.9,159.9,2021-12-14,2021-12-20
100448,5.0,59.9,59.9,2023-04-11,2023-04-12
100516,5.0,89.9,89.9,2023-04-11,2023-04-12
100348,6.0,199.9,129.9,2020-04-29,2020-05-13
100386,6.0,51.9,39.9,2020-04-29,2020-05-13
100417,6.0,51.9,39.9,2020-04-29,2020-05-13
100453,6.0,102.9,89.9,2020-04-29,2020-05-13
100454,6.0,53.9,43.9,2020-04-29,2020-05-13
100517,6.0,44.9,29.9,2020-04-29,2020-05-13
100611,6.0,35.9,26.9,2020-04-29,2020-05-13
100612,6.0,35.9,26.9,2020-04-29,2020-05-13
100650,6.0,74.9,49.9,2020-04-29,2020-05-13
100662,6.0,134.9,89.9,2020-04-29,2020-05-13
100370,10.0,399.9,169.9,2021-03-16,2021-03-22
100469,10.0,59.9,39.9,2021-03-16,2021-03-22
100470,10.0,59.9,39.9,2021-03-16,2021-03-22
100354,5.0,499.9,299.9,2022-08-04,2022-08-08
100470,5.0,69.9,51.9,2024-01-18,2024-01-29
100471,5.0,69.9,51.9,2024-01-18,2024-01-29
100348,6.0,299.9,239.9,2022-06-09,2022-06-22
100386,6.0,69.9,59.9,2022-06-09,2022-06-22
100662,6.0,189.9,159.9,2022-06-09,2022-06-22
100664,6.0,129.9,109.9,2022-06-09,2022-06-22
100665,6.0,119.9,109.9,2022-06-09,2022-06-22
100165,5.0,63.9,54.9,2023-12-26,2024-01-10
100450,5.0,149.9,119.9,2022-01-20,2022-02-02
100454,5.0,79.9,59.9,2022-01-20,2022-02-02
100547,5.0,159.9,89.9,2022-01-20,2022-02-02
100462,6.0,96.9,59.9,2020-07-23,2020-08-05
100464,6.0,74.9,49.9,2020-07-23,2020-08-05
100639,6.0,61.9,44.9,2020-07-23,2020-08-05
100140,6.0,729.9,669.9,2023-03-21,2023-04-10
100448,5.0,75.9,59.9,2023-12-06,2023-12-20
100668,6.0,181.9,114.9,2020-08-06,2020-08-19
100139,6.0,744.9,629.9,2022-12-15,2023-01-19
100140,6.0,729.9,669.9,2022-12-15,2023-01-19
100228,5.0,95.9,79.9,2020-08-06,2020-08-19
100450,5.0,118.9,69.9,2020-08-06,2020-08-19
100454,5.0,62.9,44.9,2020-08-06,2020-08-19
100165,5.0,59.9,49.9,2022-08-04,2022-08-17
100453,5.0,124.9,109.9,2022-08-04,2022-08-17
100523,5.0,129.9,109.9,2022-08-04,2022-08-17
100524,5.0,129.9,109.9,2022-08-04,2022-08-17
100525,5.0,129.9,109.9,2022-08-04,2022-08-17
100526,5.0,129.9,109.9,2022-08-04,2022-08-17
100528,5.0,129.9,109.9,2022-08-04,2022-08-17
100611,5.0,49.9,39.9,2022-08-04,2022-08-17
100612,5.0,49.9,39.9,2022-08-04,2022-08-17
100354,5.0,325.9,149.9,2020-02-10,2020-02-19
100140,6.0,729.9,669.9,2022-08-16,2022-09-05
100375,6.0,279.9,199.9,2024-02-01,2024-02-14
100370,10.0,339.9,149.9,2020-03-26,2020-03-29
100225,5.0,105.0,89.9,2021-03-11,2021-03-24
100227,5.0,105.0,89.9,2021-03-11,2021-03-24
100551,5.0,159.9,159.9,2023-10-12,2023-10-25
100553,5.0,149.9,149.9,2023-10-12,2023-10-25
100554,5.0,149.9,149.9,2023-10-12,2023-10-25
100556,5.0,159.9,159.9,2023-10-12,2023-10-25
100558,5.0,149.9,149.9,2023-10-12,2023-10-25
100551,5.0,149.9,149.9,2023-06-08,2023-06-21
100553,5.0,149.9,149.9,2023-06-08,2023-06-21
100554,5.0,149.9,149.9,2023-06-08,2023-06-21
100558,5.0,149.9,149.9,2023-06-08,2023-06-21
100370,5.0,449.9,289.9,2022-06-09,2022-06-13
100348,6.0,199.9,129.9,2020-11-26,2020-12-09
100354,6.0,325.9,169.9,2020-11-26,2020-12-09
100390,6.0,124.9,84.9,2020-11-26,2020-12-09
100394,6.0,124.9,84.9,2020-11-26,2020-12-09
100464,6.0,74.9,49.9,2020-11-26,2020-12-09
100621,6.0,92.9,79.9,2020-11-26,2020-12-09
100165,5.0,39.9,36.9,2020-05-14,2020-05-27
100547,5.0,159.9,89.9,2020-05-14,2020-05-27
100645,5.0,99.9,79.9,2020-05-14,2020-05-27
100354,5.0,499.9,299.9,2022-08-16,2022-08-17
100471,10.0,73.9,54.9,2022-08-04,2022-08-17
100646,,99.9,79.9,2022-11-24,2022-12-07
100470,5.0,74.9,49.9,2023-10-11,2023-10-15
100473,5.0,69.9,49.9,2023-10-11,2023-10-15
100455,6.0,89.9,69.9,2020-05-28,2020-06-09
100462,6.0,96.9,79.9,2020-05-28,2020-06-09
100651,6.0,57.9,39.9,2020-05-28,2020-06-09
100652,6.0,57.9,39.9,2020-05-28,2020-06-09
100668,6.0,181.9,109.9,2020-05-28,2020-06-09
100046,6.0,349.9,299.9,2021-07-06,2021-07-26
100140,6.0,729.9,649.9,2021-07-06,2021-07-26
100386,6.0,69.9,49.9,2022-10-13,2022-10-26
100417,6.0,59.9,49.9,2022-10-13,2022-10-26
100683,6.0,289.9,209.9,2022-10-13,2022-10-26
100686,6.0,309.9,239.9,2022-10-13,2022-10-26
100530,2.0,35.8,23.87,2020-08-20,2020-09-02
100370,5.0,399.9,199.9,2021-03-23,2021-03-24
100469,5.0,59.9,42.9,2021-03-23,2021-03-24
100470,5.0,59.9,42.9,2021-03-23,2021-03-24
100370,10.0,279.9,149.9,2020-10-27,2020-11-02
100192,6.0,94.9,79.9,2021-09-23,2021-10-06
100193,6.0,94.9,79.9,2021-09-23,2021-10-06
100375,6.0,199.9,109.9,2021-09-23,2021-10-06
100638,6.0,114.9,84.9,2021-09-23,2021-10-06
100645,6.0,114.9,84.9,2021-09-23,2021-10-06
100651,6.0,57.9,39.9,2021-09-23,2021-10-06
100652,6.0,57.9,39.9,2021-09-23,2021-10-06
100656,6.0,114.9,79.9,2021-09-23,2021-10-06
100657,6.0,114.9,79.9,2021-09-23,2021-10-06
100354,5.0,579.9,259.9,2022-08-09,2022-08-15
100471,5.0,73.9,49.9,2022-08-09,2022-08-15
100386,6.0,51.9,39.9,2020-10-29,2020-11-11
100390,6.0,124.9,79.9,2020-10-29,2020-11-11
100394,6.0,124.9,79.9,2020-10-29,2020-11-11
100417,6.0,51.9,39.9,2020-10-29,2020-11-11
100462,6.0,96.9,59.9,2020-10-29,2020-11-11
100464,6.0,74.9,54.9,2020-10-29,2020-11-11
100656,6.0,109.9,69.9,2020-10-29,2020-11-11
100657,6.0,109.9,69.9,2020-10-29,2020-11-11
100668,6.0,181.9,119.9,2020-10-29,2020-11-11
100370,44.0,499.9,289.9,2023-10-12,2023-10-25
100544,44.0,229.9,179.9,2023-10-12,2023-10-25
100545,44.0,229.9,179.9,2023-10-12,2023-10-25
100399,6.0,194.9,139.9,2020-11-12,2020-11-25
100651,6.0,57.9,39.9,2020-11-12,2020-11-25
100652,6.0,57.9,39.9,2020-11-12,2020-11-25
100683,6.0,189.9,119.9,2020-11-12,2020-11-25
100686,6.0,189.9,129.9,2020-11-12,2020-11-25
100370,5.0,449.9,289.9,2022-10-13,2022-10-17
100469,5.0,74.9,59.9,2022-10-13,2022-10-17
100473,5.0,74.9,59.9,2022-10-13,2022-10-17
100516,5.0,89.9,89.9,2023-01-04,2023-01-09
100386,6.0,51.9,39.9,2020-04-02,2020-04-15
100417,6.0,51.9,39.9,2020-04-02,2020-04-15
100257,5.0,51.0,37.9,2020-12-22,2021-01-11
100259,5.0,51.0,37.9,2020-12-22,2021-01-11
100354,5.0,325.9,149.9,2020-12-22,2021-01-11
100448,5.0,74.9,52.9,2020-12-22,2021-01-11
100551,5.0,139.9,79.9,2020-12-22,2021-01-11
100553,5.0,139.9,79.9,2020-12-22,2021-01-11
100554,5.0,139.9,79.9,2020-12-22,2021-01-11
100556,5.0,139.9,79.9,2020-12-22,2021-01-11
100558,5.0,139.9,79.9,2020-12-22,2021-01-11
100644,5.0,77.9,49.9,2020-12-22,2021-01-11
100648,5.0,77.9,49.9,2020-12-22,2021-01-11
100354,10.0,325.9,139.9,2020-06-02,2020-06-08
100683,6.0,239.9,169.9,2023-12-05,2023-12-20
100228,6.0,139.9,99.9,2023-09-14,2023-09-27
100544,6.0,229.9,169.9,2023-09-14,2023-09-27
100545,6.0,229.9,169.9,2023-09-14,2023-09-27
100668,6.0,239.9,189.9,2023-09-14,2023-09-27
100638,8.0,179.9,109.9,2023-09-12,2023-09-18
100645,8.0,179.9,109.9,2023-09-12,2023-09-18
100464,5.0,89.9,79.9,2022-06-09,2022-06-22
100523,5.0,129.9,96.9,2022-06-09,2022-06-22
100524,5.0,129.9,96.9,2022-06-09,2022-06-22
100525,5.0,129.9,96.9,2022-06-09,2022-06-22
100526,5.0,129.9,96.9,2022-06-09,2022-06-22
100528,5.0,129.9,96.9,2022-06-09,2022-06-22
100650,5.0,109.9,79.9,2022-06-09,2022-06-22
100192,6.0,94.9,69.9,2020-12-10,2020-12-21
100193,6.0,94.9,69.9,2020-12-10,2020-12-21
100386,6.0,51.9,34.9,2020-12-10,2020-12-21
100399,6.0,194.9,139.9,2020-12-10,2020-12-21
100417,6.0,51.9,34.9,2020-12-10,2020-12-21
100455,6.0,99.9,69.9,2020-12-10,2020-12-21
100462,6.0,96.9,59.9,2020-12-10,2020-12-21
100668,6.0,181.9,119.9,2020-12-10,2020-12-21
100683,6.0,189.9,119.9,2020-12-10,2020-12-21
100686,6.0,189.9,129.9,2020-12-10,2020-12-21
100375,6.0,279.9,179.9,2023-10-26,2023-11-08
100601,5.0,59.9,47.9,2020-04-02,2020-04-15
100602,5.0,59.9,47.9,2020-04-02,2020-04-15
100604,5.0,59.9,47.9,2020-04-02,2020-04-15
100607,5.0,59.9,47.9,2020-04-02,2020-04-15
100192,6.0,119.9,99.9,2022-11-24,2022-12-07
100193,6.0,119.9,99.9,2022-11-24,2022-12-07
100225,6.0,139.9,114.9,2022-11-24,2022-12-07
100227,6.0,139.9,114.9,2022-11-24,2022-12-07
100257,6.0,59.9,49.9,2022-11-24,2022-12-07
100259,6.0,59.9,49.9,2022-11-24,2022-12-07
100348,6.0,299.9,239.9,2022-11-24,2022-12-07
100386,6.0,69.9,54.9,2022-11-24,2022-12-07
100517,6.0,69.9,59.9,2022-11-24,2022-12-07
100140,6.0,749.9,689.9,2024-01-23,2024-02-05
100551,5.0,159.9,139.9,2023-02-02,2023-02-15
100553,5.0,159.9,139.9,2023-02-02,2023-02-15
100554,5.0,159.9,139.9,2023-02-02,2023-02-15
100558,5.0,159.9,139.9,2023-02-02,2023-02-15
100544,,229.9,199.9,2023-02-02,2023-02-15
100545,,229.9,199.9,2023-02-02,2023-02-15
100386,5.0,69.9,49.9,2024-01-10,2024-01-17
100448,5.0,95.9,59.9,2024-01-10,2024-01-17
100668,5.0,239.9,184.9,2024-01-10,2024-01-17
100257,10.0,51.0,29.9,2021-03-23,2021-03-29
100259,10.0,51.0,29.9,2021-03-23,2021-03-29
100462,5.0,114.9,79.9,2022-10-13,2022-10-26
100547,5.0,189.9,139.9,2022-10-13,2022-10-26
100668,5.0,219.9,159.9,2022-10-13,2022-10-26
100165,6.0,59.9,54.9,2023-07-06,2023-07-19
100192,6.0,119.9,99.9,2023-07-06,2023-07-19
100193,6.0,119.9,99.9,2023-07-06,2023-07-19
100348,6.0,299.9,219.9,2023-07-06,2023-07-19
100354,6.0,399.9,269.9,2023-07-06,2023-07-19
100386,6.0,69.9,54.9,2023-07-06,2023-07-19
100390,6.0,169.9,124.9,2023-07-06,2023-07-19
100394,6.0,169.9,124.9,2023-07-06,2023-07-19
100517,6.0,64.9,56.9,2023-07-06,2023-07-19
100656,6.0,139.9,109.9,2023-07-06,2023-07-19
100657,6.0,139.9,109.9,2023-07-06,2023-07-19
100668,6.0,229.9,179.9,2023-07-06,2023-07-19
100683,6.0,289.9,174.9,2023-07-06,2023-07-19
100551,5.0,149.9,149.9,2023-05-11,2023-05-24
100553,5.0,149.9,149.9,2023-05-11,2023-05-24
100554,5.0,149.9,149.9,2023-05-11,2023-05-24
100558,5.0,149.9,149.9,2023-05-11,2023-05-24
100165,6.0,59.9,52.9,2023-06-08,2023-06-21
100192,6.0,119.9,99.9,2023-06-08,2023-06-21
100193,6.0,119.9,99.9,2023-06-08,2023-06-21
100348,6.0,299.9,229.9,2023-06-08,2023-06-21
100354,6.0,399.9,267.9,2023-06-08,2023-06-21
100370,6.0,499.9,299.9,2023-06-08,2023-06-21
100455,6.0,119.9,89.9,2023-06-08,2023-06-21
100517,6.0,64.9,56.9,2023-06-08,2023-06-21
100621,6.0,119.9,99.9,2023-06-08,2023-06-21
100651,6.0,92.9,69.9,2023-06-08,2023-06-21
100652,6.0,92.9,69.9,2023-06-08,2023-06-21
100662,6.0,189.9,149.9,2023-06-08,2023-06-21
100663,6.0,149.9,119.9,2023-06-08,2023-06-21
100664,6.0,129.9,109.9,2023-06-08,2023-06-21
100665,6.0,129.9,109.9,2023-06-08,2023-06-21
100683,6.0,289.9,179.9,2023-06-08,2023-06-21
100686,6.0,309.9,219.9,2023-06-08,2023-06-21
100370,5.0,394.9,199.9,2020-05-14,2020-05-18
100370,10.0,394.9,159.9,2020-06-23,2020-06-29
100471,8.0,69.9,44.9,2023-09-14,2023-09-27
100370,5.0,449.9,289.9,2022-06-21,2022-06-22
100544,5.0,159.9,99.9,2020-02-20,2020-03-04
100545,5.0,159.9,99.9,2020-02-20,2020-03-04
100551,5.0,139.9,85.0,2020-02-20,2020-03-04
100553,5.0,139.9,85.0,2020-02-20,2020-03-04
100554,5.0,139.9,85.0,2020-02-20,2020-03-04
100556,5.0,139.9,85.0,2020-02-20,2020-03-04
100558,5.0,139.9,85.0,2020-02-20,2020-03-04
100644,5.0,61.0,44.9,2020-02-20,2020-03-04
100645,5.0,99.9,69.9,2020-02-20,2020-03-04
100648,5.0,61.0,44.9,2020-02-20,2020-03-04
100257,6.0,59.9,49.9,2023-10-12,2023-10-25
100259,6.0,59.9,49.9,2023-10-12,2023-10-25
100045,5.0,599.9,499.9,2020-09-29,2020-10-21
100523,,129.9,94.9,2023-02-16,2023-03-01
100524,,129.9,94.9,2023-02-16,2023-03-01
100525,,129.9,94.9,2023-02-16,2023-03-01
100526,,129.9,94.9,2023-02-16,2023-03-01
100528,,129.9,94.9,2023-02-16,2023-03-01
100139,6.0,749.9,629.9,2024-01-09,2024-01-22
100530,2.0,36.9,24.6,2022-02-03,2022-02-16
100140,6.0,729.9,669.9,2022-09-27,2022-10-17
100370,5.0,449.9,269.9,2022-12-06,2022-12-07
100551,5.0,159.9,139.9,2022-08-30,2022-09-14
100553,5.0,159.9,139.9,2022-08-30,2022-09-14
100554,5.0,159.9,139.9,2022-08-30,2022-09-14
100558,5.0,159.9,139.9,2022-08-30,2022-09-14
100638,5.0,149.9,109.9,2022-10-18,2022-10-26
100645,5.0,149.9,109.9,2022-10-18,2022-10-26
100370,5.0,449.9,289.9,2022-10-25,2022-10-26
100469,5.0,74.9,59.9,2022-10-25,2022-10-26
100473,5.0,74.9,59.9,2022-10-25,2022-10-26
100638,10.0,149.9,99.9,2022-10-11,2022-10-17
100645,10.0,149.9,99.9,2022-10-11,2022-10-17
100370,10.0,449.9,249.9,2022-10-18,2022-10-24
100469,10.0,74.9,54.9,2022-10-18,2022-10-24
100473,10.0,74.9,54.9,2022-10-18,2022-10-24
100354,5.0,262.9,269.9,2023-12-20,2024-01-10
100638,5.0,154.9,99.9,2023-12-20,2024-01-10
100645,5.0,154.9,99.9,2023-12-20,2024-01-10
100650,5.0,109.9,79.9,2023-12-20,2024-01-10
100370,5.0,499.9,299.9,2023-09-14,2023-09-27
100448,5.0,86.9,69.9,2023-09-14,2023-09-27
100644,5.0,99.9,79.9,2023-09-14,2023-09-27
100648,5.0,99.9,79.9,2023-09-14,2023-09-27
100638,5.0,179.9,119.9,2023-09-19,2023-09-27
100645,5.0,179.9,119.9,2023-09-19,2023-09-27
100348,6.0,299.9,229.9,2023-11-23,2023-12-06
100516,10.0,99.9,74.9,2021-03-09,2021-03-15
100348,6.0,199.9,129.9,2021-02-25,2021-03-10
100455,6.0,99.9,74.9,2021-02-25,2021-03-10
100464,6.0,74.9,54.9,2021-02-25,2021-03-10
100517,6.0,56.9,34.9,2021-02-25,2021-03-10
100596,6.0,119.9,89.9,2021-02-25,2021-03-10
100638,6.0,99.9,79.9,2021-02-25,2021-03-10
100645,6.0,99.9,79.9,2021-02-25,2021-03-10
100651,6.0,57.9,39.9,2021-02-25,2021-03-10
100652,6.0,57.9,39.9,2021-02-25,2021-03-10
100662,6.0,134.9,89.9,2021-02-25,2021-03-10
100665,6.0,82.9,69.9,2021-02-25,2021-03-10
100046,6.0,349.9,309.9,2022-01-11,2022-01-24
100140,6.0,729.9,649.9,2022-01-11,2022-01-24
100523,,129.9,95.9,2022-12-08,2022-12-21
100524,,129.9,95.9,2022-12-08,2022-12-21
100525,,129.9,95.9,2022-12-08,2022-12-21
100526,,129.9,95.9,2022-12-08,2022-12-21
100528,,129.9,95.9,2022-12-08,2022-12-21
100638,8.0,99.9,79.9,2020-11-12,2020-11-25
100645,8.0,99.9,79.9,2020-11-12,2020-11-25
100370,5.0,279.9,169.9,2020-12-10,2020-12-14
100354,5.0,325.9,159.9,2020-04-29,2020-05-13
100556,5.0,149.9,149.9,2023-05-23,2023-06-14
100139,6.0,744.9,629.9,2023-05-23,2023-06-14
100140,6.0,729.9,649.9,2023-05-23,2023-06-14
100611,6.0,46.9,39.9,2023-11-09,2023-11-22
100612,6.0,46.9,39.9,2023-11-09,2023-11-22
100348,6.0,199.9,129.9,2020-07-09,2020-07-22
100386,6.0,51.9,31.9,2020-07-09,2020-07-22
100390,6.0,124.9,89.9,2020-07-09,2020-07-22
100394,6.0,124.9,89.9,2020-07-09,2020-07-22
100417,6.0,51.9,31.9,2020-07-09,2020-07-22
100517,6.0,46.9,29.9,2020-07-09,2020-07-22
100651,6.0,57.9,39.9,2020-07-09,2020-07-22
100652,6.0,57.9,39.9,2020-07-09,2020-07-22
100547,8.0,159.9,89.9,2021-07-01,2021-07-14
100523,8.0,104.9,64.9,2021-09-23,2021-10-06
100524,8.0,104.9,64.9,2021-09-23,2021-10-06
100525,8.0,104.9,64.9,2021-09-23,2021-10-06
100526,8.0,104.9,64.9,2021-09-23,2021-10-06
100528,8.0,104.9,64.9,2021-09-23,2021-10-06
100448,5.0,85.9,69.9,2022-11-24,2022-12-07
100544,5.0,229.9,194.9,2022-11-24,2022-12-07
100545,5.0,229.9,194.9,2022-11-24,2022-12-07
100370,5.0,449.9,269.9,2022-11-24,2022-11-28
100596,6.0,126.9,99.9,2024-02-01,2024-02-14
100140,6.0,699.9,629.9,2020-12-17,2021-01-13
100139,6.0,744.9,629.9,2023-01-24,2023-02-06
100140,6.0,729.9,659.9,2023-01-24,2023-02-06
100469,5.0,53.9,39.9,2020-08-11,2020-08-19
100471,5.0,53.9,39.9,2020-08-11,2020-08-19
100474,5.0,53.9,39.9,2020-08-11,2020-08-19
100544,5.0,166.9,99.9,2020-08-06,2020-08-19
100545,5.0,166.9,99.9,2020-08-06,2020-08-19
100613,6.0,37.9,26.9,2023-02-02,2023-02-15
100614,6.0,37.9,26.9,2023-02-02,2023-02-15
100656,6.0,139.9,109.9,2023-02-02,2023-02-15
100657,6.0,139.9,109.9,2023-02-02,2023-02-15
100683,6.0,289.9,179.9,2023-02-02,2023-02-15
100686,6.0,309.9,209.9,2023-02-02,2023-02-15
100370,10.0,339.9,149.9,2020-02-13,2020-02-16
100192,6.0,119.9,99.9,2023-05-11,2023-05-24
100193,6.0,119.9,99.9,2023-05-11,2023-05-24
100348,6.0,299.9,219.9,2023-05-11,2023-05-24
100354,6.0,399.9,259.9,2023-05-11,2023-05-24
100399,6.0,229.9,169.9,2023-05-11,2023-05-24
100517,6.0,69.9,59.9,2023-05-11,2023-05-24
100651,6.0,92.9,74.9,2023-05-11,2023-05-24
100652,6.0,92.9,74.9,2023-05-11,2023-05-24
100257,10.0,53.9,29.9,2020-06-30,2020-07-06
100259,10.0,53.9,29.9,2020-06-30,2020-07-06
100469,10.0,53.9,37.9,2020-06-30,2020-07-06
100471,10.0,53.9,37.9,2020-06-30,2020-07-06
100473,10.0,53.9,37.9,2020-06-30,2020-07-06
100474,10.0,53.9,37.9,2020-06-30,2020-07-06
100516,5.0,129.9,99.9,2023-07-06,2023-07-10
100257,6.0,59.9,54.9,2022-08-30,2022-09-14
100259,6.0,59.9,54.9,2022-08-30,2022-09-14
100348,6.0,299.9,229.9,2022-08-30,2022-09-14
100354,6.0,579.9,299.9,2022-08-30,2022-09-14
100386,6.0,69.9,49.9,2022-08-30,2022-09-14
100399,6.0,229.9,169.9,2022-08-30,2022-09-14
100417,6.0,53.9,44.9,2022-08-30,2022-09-14
100530,6.0,39.9,33.9,2022-08-30,2022-09-14
100601,6.0,84.9,59.9,2022-08-30,2022-09-14
100602,6.0,84.9,59.9,2022-08-30,2022-09-14
100604,6.0,84.9,59.9,2022-08-30,2022-09-14
100607,6.0,84.9,59.9,2022-08-30,2022-09-14
100257,5.0,59.9,49.9,2023-06-08,2023-06-21
100259,5.0,59.9,49.9,2023-06-08,2023-06-21
100448,5.0,86.9,69.9,2023-06-08,2023-06-21
100516,5.0,129.9,109.9,2023-06-08,2023-06-21
100523,5.0,129.9,109.9,2023-06-08,2023-06-21
100524,5.0,129.9,109.9,2023-06-08,2023-06-21
100525,5.0,129.9,109.9,2023-06-08,2023-06-21
100526,5.0,129.9,109.9,2023-06-08,2023-06-21
100528,5.0,129.9,109.9,2023-06-08,2023-06-21
100370,10.0,449.9,269.9,2022-11-29,2022-12-05
100470,10.0,69.9,54.9,2023-10-10,2023-10-10
100473,10.0,69.9,54.9,2023-10-10,2023-10-10
100453,5.0,96.5,79.9,2020-03-19,2020-04-01
100454,5.0,53.9,39.9,2020-03-19,2020-04-01
100544,5.0,166.9,99.9,2020-03-19,2020-04-01
100545,5.0,166.9,99.9,2020-03-19,2020-04-01
100551,5.0,139.9,85.0,2020-03-19,2020-04-01
100553,5.0,139.9,85.0,2020-03-19,2020-04-01
100554,5.0,139.9,85.0,2020-03-19,2020-04-01
100556,5.0,139.9,85.0,2020-03-19,2020-04-01
100558,5.0,139.9,85.0,2020-03-19,2020-04-01
100639,5.0,64.9,49.9,2020-03-19,2020-04-01
100646,5.0,64.9,49.9,2020-03-19,2020-04-01
100650,5.0,77.5,49.9,2020-03-19,2020-04-01
100192,6.0,60.0,45.0,2023-09-19,2023-10-08
100193,6.0,82.0,67.0,2023-09-19,2023-10-08
100126,6.0,499.9,379.9,2020-07-09,2020-07-29
100225,6.0,116.9,89.9,2022-02-03,2022-02-16
100227,6.0,116.9,89.9,2022-02-03,2022-02-16
100348,6.0,214.9,139.9,2022-02-03,2022-02-16
100386,6.0,56.9,39.9,2022-02-03,2022-02-16
100417,6.0,56.9,39.9,2022-02-03,2022-02-16
100638,6.0,119.9,89.9,2022-02-03,2022-02-16
100645,6.0,119.9,89.9,2022-02-03,2022-02-16
100683,6.0,219.9,159.9,2022-02-03,2022-02-16
100686,6.0,219.9,159.9,2022-02-03,2022-02-16
100184,5.0,94.9,59.9,2020-11-26,2020-12-09
100257,5.0,51.9,36.9,2020-11-26,2020-12-09
100259,5.0,51.9,36.9,2020-11-26,2020-12-09
100544,5.0,169.9,102.9,2020-11-26,2020-12-09
100545,5.0,169.9,102.9,2020-11-26,2020-12-09
100611,5.0,35.9,29.9,2020-11-26,2020-12-09
100612,5.0,35.9,29.9,2020-11-26,2020-12-09
100228,6.0,139.9,109.9,2022-12-08,2022-12-21
100354,6.0,579.9,269.9,2022-12-08,2022-12-21
100390,6.0,159.9,109.9,2022-12-08,2022-12-21
100394,6.0,159.9,109.9,2022-12-08,2022-12-21
100668,6.0,219.9,164.9,2022-12-08,2022-12-21
100683,6.0,289.9,179.9,2022-12-08,2022-12-21
100686,6.0,309.9,219.9,2022-12-08,2022-12-21
100691,6.0,129.9,99.9,2022-12-08,2022-12-21
100375,5.0,209.9,129.9,2020-11-12,2020-11-25
100454,5.0,59.9,44.9,2020-11-12,2020-11-25
100551,5.0,139.9,89.9,2020-11-12,2020-11-25
100553,5.0,139.9,89.9,2020-11-12,2020-11-25
100554,5.0,139.9,89.9,2020-11-12,2020-11-25
100556,5.0,139.9,89.9,2020-11-12,2020-11-25
100558,5.0,139.9,89.9,2020-11-12,2020-11-25
100650,5.0,79.9,54.9,2020-11-12,2020-11-25
100370,5.0,449.9,269.9,2022-09-06,2022-09-12
100192,6.0,119.9,99.9,2023-02-16,2023-03-01
100193,6.0,119.9,99.9,2023-02-16,2023-03-01
100348,6.0,299.9,229.9,2023-02-16,2023-03-01
100354,6.0,579.9,279.9,2023-02-16,2023-03-01
100399,6.0,229.9,179.9,2023-02-16,2023-03-01
100517,6.0,69.9,59.9,2023-02-16,2023-03-01
100386,6.0,49.9,37.9,2020-01-02,2020-01-08
100417,6.0,49.9,37.9,2020-01-02,2020-01-08
100370,10.0,329.9,159.9,2020-08-11,2020-08-19
100455,6.0,88.9,64.9,2020-10-15,2020-10-28
100517,6.0,46.9,34.9,2020-10-15,2020-10-28
100370,5.0,439.9,199.9,2021-09-23,2021-10-06
100453,5.0,109.9,79.9,2021-09-23,2021-10-06
100547,5.0,159.9,89.9,2020-06-10,2020-06-24
100686,6.0,289.9,209.9,2023-12-05,2023-12-20
100683,6.0,189.9,119.9,2020-08-20,2020-09-02
100686,6.0,189.9,129.9,2020-08-20,2020-09-02
100192,6.0,94.9,79.9,2020-01-09,2020-01-22
100193,6.0,94.9,79.9,2020-01-09,2020-01-22
100257,6.0,49.9,35.9,2020-01-09,2020-01-22
100259,6.0,49.9,35.9,2020-01-09,2020-01-22
100390,6.0,114.9,79.9,2020-01-09,2020-01-22
100394,6.0,114.9,79.9,2020-01-09,2020-01-22
100462,6.0,86.9,54.9,2020-01-09,2020-01-22
100547,6.0,140.9,89.9,2020-01-09,2020-01-22
100611,6.0,35.9,26.9,2020-01-09,2020-01-22
100612,6.0,35.9,26.9,2020-01-09,2020-01-22
100683,6.0,159.9,109.9,2020-01-09,2020-01-22
100686,6.0,159.9,109.9,2020-01-09,2020-01-22
100530,6.0,49.9,39.9,2023-11-09,2023-11-22
100257,5.0,59.9,49.9,2023-07-06,2023-07-19
100259,5.0,59.9,49.9,2023-07-06,2023-07-19
100450,5.0,149.9,99.9,2023-07-06,2023-07-19
100453,5.0,149.9,119.9,2023-07-06,2023-07-19
100454,5.0,82.9,72.9,2023-07-06,2023-07-19
100464,5.0,89.9,69.9,2023-07-06,2023-07-19
100544,5.0,229.9,199.9,2023-07-06,2023-07-19
100545,5.0,229.9,199.9,2023-07-06,2023-07-19
100644,5.0,99.9,79.9,2023-07-06,2023-07-19
100648,5.0,99.9,79.9,2023-07-06,2023-07-19
100370,5.0,449.9,269.9,2023-02-02,2023-02-15
100668,5.0,219.9,169.9,2023-02-02,2023-02-15
100454,10.0,86.9,74.9,2023-01-31,2023-02-15
100469,10.0,79.9,54.9,2023-01-31,2023-02-15
100471,10.0,79.9,54.9,2023-01-31,2023-02-15
100474,10.0,79.9,54.9,2023-01-31,2023-02-15
100257,5.0,59.9,46.9,2023-11-08,2023-11-22
100259,5.0,59.9,46.9,2023-11-08,2023-11-22
100448,5.0,70.9,59.9,2023-11-08,2023-11-22
100650,5.0,109.9,79.9,2023-11-08,2023-11-22
100225,5.0,103.0,79.9,2021-07-01,2021-07-14
100227,5.0,103.0,79.9,2021-07-01,2021-07-14
100448,5.0,74.9,52.9,2021-07-01,2021-07-14
100450,5.0,139.9,89.9,2021-07-01,2021-07-14
100453,5.0,109.9,74.9,2021-07-01,2021-07-14
100650,5.0,79.9,59.9,2021-07-01,2021-07-14
100225,6.0,99.9,76.9,2020-06-25,2020-07-08
100227,6.0,99.9,76.9,2020-06-25,2020-07-08
100399,6.0,194.9,139.9,2020-06-25,2020-07-08
100611,6.0,35.9,26.9,2020-06-25,2020-07-08
100612,6.0,35.9,26.9,2020-06-25,2020-07-08
100621,6.0,92.9,79.9,2020-06-25,2020-07-08
100668,6.0,181.9,114.9,2020-06-25,2020-07-08
100450,5.0,119.9,79.9,2020-12-10,2020-12-21
100453,5.0,104.9,79.9,2020-12-10,2020-12-21
100523,5.0,95.9,59.9,2020-12-10,2020-12-21
100524,5.0,95.9,59.9,2020-12-10,2020-12-21
100525,5.0,95.9,59.9,2020-12-10,2020-12-21
100526,5.0,95.9,59.9,2020-12-10,2020-12-21
100528,5.0,95.9,59.9,2020-12-10,2020-12-21
100547,5.0,159.9,89.9,2020-12-10,2020-12-21
100530,2.0,36.9,24.6,2021-05-06,2021-05-19
100516,5.0,84.9,74.9,2020-08-25,2020-09-02
100140,6.0,729.9,649.9,2021-05-25,2021-06-14
100454,5.0,79.9,69.9,2022-12-08,2022-12-21
100470,5.0,79.9,49.9,2022-12-13,2022-12-21
100473,5.0,79.9,49.9,2022-12-13,2022-12-21
100638,5.0,149.9,99.9,2022-12-13,2022-12-21
100645,5.0,149.9,99.9,2022-12-13,2022-12-21
100257,5.0,59.9,49.9,2023-05-11,2023-05-24
100259,5.0,59.9,49.9,2023-05-11,2023-05-24
100448,5.0,85.9,69.9,2023-05-11,2023-05-24
100516,5.0,129.9,99.9,2023-05-11,2023-05-24
100523,5.0,129.9,99.9,2023-05-11,2023-05-24
100524,5.0,129.9,99.9,2023-05-11,2023-05-24
100525,5.0,129.9,99.9,2023-05-11,2023-05-24
100526,5.0,129.9,99.9,2023-05-11,2023-05-24
100528,5.0,129.9,99.9,2023-05-11,2023-05-24
100611,5.0,49.9,39.9,2023-05-11,2023-05-24
100612,5.0,49.9,39.9,2023-05-11,2023-05-24
100644,5.0,99.9,74.9,2023-05-16,2023-05-24
100648,5.0,99.9,74.9,2023-05-16,2023-05-24
100644,10.0,99.9,69.9,2023-05-11,2023-05-15
100648,10.0,99.9,69.9,2023-05-11,2023-05-15
100551,5.0,149.9,149.9,2023-12-21,2024-01-10
100516,5.0,104.9,104.9,2023-12-25,2024-01-10
100399,6.0,194.9,129.9,2020-09-03,2020-09-16
100462,6.0,96.9,59.9,2020-09-03,2020-09-16
100464,6.0,74.9,49.9,2020-09-03,2020-09-16
100516,5.0,129.9,99.9,2023-07-18,2023-07-19
100516,10.0,129.9,99.9,2023-07-11,2023-07-17
100469,10.0,74.9,54.9,2022-08-30,2022-09-14
100473,10.0,74.9,54.9,2022-08-30,2022-09-14
100225,5.0,139.9,109.9,2023-02-16,2023-03-01
100227,5.0,139.9,109.9,2023-02-16,2023-03-01
100257,5.0,59.9,49.9,2023-02-16,2023-03-01
100259,5.0,59.9,49.9,2023-02-16,2023-03-01
100448,5.0,84.9,72.9,2023-02-16,2023-03-01
100516,5.0,129.9,109.9,2023-02-16,2023-03-01
100650,5.0,109.9,84.9,2023-02-16,2023-03-01
100257,6.0,53.9,37.9,2020-04-02,2020-04-15
100259,6.0,53.9,37.9,2020-04-02,2020-04-15
100399,6.0,166.0,109.9,2020-04-02,2020-04-15
100683,6.0,239.9,169.9,2023-11-09,2023-11-22
100139,6.0,744.9,639.9,2022-05-24,2022-06-15
100140,6.0,729.9,669.9,2022-05-24,2022-06-15
100140,6.0,749.9,689.9,2023-11-28,2023-12-18
100126,6.0,469.9,379.9,2021-12-16,2022-01-10
100386,6.0,51.9,39.9,2020-08-20,2020-09-02
100417,6.0,51.9,39.9,2020-08-20,2020-09-02
100611,6.0,35.9,26.9,2020-08-20,2020-09-02
100612,6.0,35.9,26.9,2020-08-20,2020-09-02
100651,6.0,57.9,39.9,2020-08-20,2020-09-02
100652,6.0,57.9,39.9,2020-08-20,2020-09-02
100621,6.0,119.9,99.9,2024-02-01,2024-02-14
100370,5.0,279.9,169.9,2020-11-03,2020-11-11
100470,10.0,79.9,49.9,2022-12-06,2022-12-12
100473,10.0,79.9,49.9,2022-12-06,2022-12-12
100638,10.0,149.9,99.9,2022-12-06,2022-12-12
100645,10.0,149.9,99.9,2022-12-06,2022-12-12
100370,10.0,394.9,159.9,2020-05-19,2020-05-24
100192,5.0,94.9,69.9,2020-07-23,2020-08-05
100193,5.0,94.9,69.9,2020-07-23,2020-08-05
100375,5.0,209.9,129.9,2020-07-23,2020-08-05
100453,5.0,109.9,69.9,2020-07-23,2020-08-05
100523,5.0,95.9,59.9,2020-07-23,2020-08-05
100524,5.0,95.9,59.9,2020-07-23,2020-08-05
100525,5.0,95.9,59.9,2020-07-23,2020-08-05
100526,5.0,95.9,59.9,2020-07-23,2020-08-05
100528,5.0,95.9,59.9,2020-07-23,2020-08-05
100551,5.0,139.9,89.9,2020-07-23,2020-08-05
100553,5.0,139.9,89.9,2020-07-23,2020-08-05
100554,5.0,139.9,89.9,2020-07-23,2020-08-05
100556,5.0,139.9,89.9,2020-07-23,2020-08-05
100558,5.0,139.9,89.9,2020-07-23,2020-08-05
100650,5.0,79.9,54.9,2020-07-23,2020-08-05
100471,5.0,42.9,42.9,2023-05-23,2023-05-24
100354,5.0,329.9,179.9,2022-02-03,2022-02-16
100370,5.0,439.9,219.9,2022-02-03,2022-02-16
100455,5.0,139.9,89.9,2022-02-03,2022-02-16
100462,5.0,99.9,69.9,2022-02-03,2022-02-16
100470,5.0,75.9,59.9,2022-02-03,2022-02-16
100544,5.0,189.9,109.9,2022-02-03,2022-02-16
100545,5.0,189.9,109.9,2022-02-03,2022-02-16
100551,5.0,159.9,99.9,2022-02-03,2022-02-16
100553,5.0,159.9,99.9,2022-02-03,2022-02-16
100554,5.0,159.9,99.9,2022-02-03,2022-02-16
100556,5.0,159.9,99.9,2022-02-03,2022-02-16
100558,5.0,159.9,99.9,2022-02-03,2022-02-16
100611,5.0,43.9,33.9,2022-02-03,2022-02-16
100612,5.0,43.9,33.9,2022-02-03,2022-02-16
100386,6.0,49.9,37.9,2020-01-23,2020-02-05
100417,6.0,49.9,37.9,2020-01-23,2020-02-05
100651,6.0,57.9,39.9,2020-01-23,2020-02-05
100652,6.0,57.9,39.9,2020-01-23,2020-02-05
100375,6.0,199.9,109.9,2021-04-08,2021-04-21
100517,6.0,56.9,35.9,2021-04-08,2021-04-21
100651,6.0,57.9,39.9,2021-04-08,2021-04-21
100652,6.0,57.9,39.9,2021-04-08,2021-04-21
100683,6.0,189.9,119.9,2021-04-08,2021-04-21
100686,6.0,189.9,129.9,2021-04-08,2021-04-21
100348,6.0,214.9,139.9,2022-01-11,2022-01-19
100348,6.0,199.9,124.9,2021-08-12,2021-08-25
100375,6.0,199.9,109.9,2021-08-12,2021-08-25
100464,6.0,77.9,54.9,2021-08-12,2021-08-25
100596,6.0,119.9,89.9,2021-08-12,2021-08-25
100656,6.0,119.9,84.9,2021-08-12,2021-08-25
100657,6.0,119.9,84.9,2021-08-12,2021-08-25
100683,6.0,189.9,129.9,2021-08-12,2021-08-25
100686,6.0,189.9,139.9,2021-08-12,2021-08-25
100370,10.0,329.9,149.9,2020-09-15,2020-09-21
100650,10.0,109.9,79.9,2023-02-21,2023-02-27
100348,6.0,159.9,119.9,2020-03-19,2020-04-01
100390,6.0,114.9,79.9,2020-03-19,2020-04-01
100394,6.0,114.9,79.9,2020-03-19,2020-04-01
100611,6.0,35.9,26.9,2020-03-19,2020-04-01
100612,6.0,35.9,26.9,2020-03-19,2020-04-01
100651,6.0,57.9,34.9,2020-03-19,2020-04-01
100652,6.0,57.9,34.9,2020-03-19,2020-04-01
100551,5.0,139.9,139.9,2023-08-31,2023-09-13
100553,5.0,129.9,129.9,2023-08-31,2023-09-13
100554,5.0,129.9,129.9,2023-08-31,2023-09-13
100556,5.0,139.9,139.9,2023-08-31,2023-09-13
100558,5.0,129.9,129.9,2023-08-31,2023-09-13
100390,6.0,169.9,119.9,2024-02-01,2024-02-14
100394,6.0,169.9,119.9,2024-02-01,2024-02-14
100140,6.0,729.9,669.9,2022-05-05,2022-05-23
100386,6.0,56.9,37.9,2021-06-03,2021-06-16
100417,6.0,56.9,37.9,2021-06-03,2021-06-16
100464,6.0,77.9,54.9,2021-06-03,2021-06-16
100644,6.0,81.9,54.9,2021-06-03,2021-06-16
100648,6.0,81.9,54.9,2021-06-03,2021-06-16
100551,5.0,159.9,159.9,2024-02-01,2024-02-14
100553,5.0,149.9,149.9,2024-02-01,2024-02-14
100556,5.0,159.9,159.9,2024-02-01,2024-02-14
100558,5.0,149.9,149.9,2024-02-01,2024-02-14
100165,6.0,63.9,49.9,2023-12-19,2023-12-25
100050,6.0,259.9,224.9,2021-09-28,2021-10-18
100139,6.0,744.9,619.9,2021-09-28,2021-10-18
100140,6.0,729.9,649.9,2021-09-28,2021-10-18
100448,5.0,77.9,59.9,2022-02-08,2022-02-16
100471,5.0,75.9,54.9,2022-02-08,2022-02-16
100473,5.0,75.9,54.9,2022-02-08,2022-02-16
100644,5.0,89.9,59.9,2022-02-08,2022-02-16
100648,5.0,89.9,59.9,2022-02-08,2022-02-16
100448,10.0,77.9,49.9,2022-02-01,2022-02-07
100471,10.0,75.9,44.9,2022-02-01,2022-02-07
100473,10.0,75.9,44.9,2022-02-01,2022-02-07
100644,10.0,89.9,49.9,2022-02-01,2022-02-07
100648,10.0,89.9,49.9,2022-02-01,2022-02-07
100257,6.0,64.9,54.9,2022-05-26,2022-06-08
100259,6.0,64.9,54.9,2022-05-26,2022-06-08
100375,6.0,269.9,209.9,2022-05-26,2022-06-08
100390,6.0,149.9,109.9,2022-05-26,2022-06-08
100394,6.0,149.9,109.9,2022-05-26,2022-06-08
100399,6.0,259.9,149.9,2022-05-26,2022-06-08
100638,6.0,149.9,119.9,2022-05-26,2022-06-08
100645,6.0,149.9,109.9,2022-05-26,2022-06-08
100656,6.0,139.9,99.9,2022-05-26,2022-06-08
100657,6.0,139.9,99.9,2022-05-26,2022-06-08
100551,5.0,169.9,149.9,2023-04-13,2023-04-26
100553,5.0,169.9,149.9,2023-04-13,2023-04-26
100554,5.0,169.9,149.9,2023-04-13,2023-04-26
100558,5.0,169.9,149.9,2023-04-13,2023-04-26
100228,6.0,99.9,79.9,2021-05-06,2021-05-19
100390,6.0,119.9,84.9,2021-05-06,2021-05-19
100394,6.0,119.9,84.9,2021-05-06,2021-05-19
100399,6.0,189.9,134.9,2021-05-06,2021-05-19
100455,6.0,99.9,79.9,2021-05-06,2021-05-19
100462,6.0,88.9,59.9,2021-05-06,2021-05-19
100486,6.0,44.9,34.9,2021-05-06,2021-05-19
100487,6.0,44.9,34.9,2021-05-06,2021-05-19
100651,6.0,57.9,39.9,2021-05-06,2021-05-19
100652,6.0,57.9,39.9,2021-05-06,2021-05-19
100668,6.0,169.9,119.9,2021-05-06,2021-05-19
100638,8.0,99.9,79.9,2020-10-15,2020-10-28
100645,8.0,99.9,79.9,2020-10-15,2020-10-28
100370,44.0,499.9,304.9,2023-12-07,2023-12-20
100386,44.0,69.9,54.9,2023-12-07,2023-12-20
100469,6.0,69.9,51.9,2023-12-05,2023-12-20
100470,6.0,69.9,51.9,2023-12-05,2023-12-20
100473,6.0,69.9,51.9,2023-12-05,2023-12-20
100474,6.0,69.9,51.9,2023-12-05,2023-12-20
100530,2.0,36.9,24.6,2021-11-30,2021-12-08
100375,6.0,209.9,109.9,2021-01-12,2021-01-27
100390,6.0,124.9,84.9,2021-01-12,2021-01-27
100394,6.0,124.9,84.9,2021-01-12,2021-01-27
100639,6.0,65.9,49.9,2021-01-12,2021-01-27
100646,6.0,65.9,49.9,2021-01-12,2021-01-27
100638,6.0,139.9,99.9,2022-03-31,2022-04-13
100645,6.0,139.9,99.9,2022-03-31,2022-04-13
100668,6.0,189.9,139.9,2022-03-31,2022-04-13
100390,6.0,169.9,119.9,2023-12-21,2024-01-10
100394,6.0,169.9,119.9,2023-12-21,2024-01-10
100656,6.0,149.9,99.9,2023-12-21,2024-01-10
100370,44.0,499.9,279.9,2024-02-01,2024-02-14
100544,44.0,229.9,189.9,2024-02-01,2024-02-14
100545,44.0,229.9,189.9,2024-02-01,2024-02-14
100469,10.0,64.9,39.9,2021-10-26,2021-11-01
100471,10.0,64.9,39.9,2021-10-26,2021-11-01
100473,10.0,64.9,39.9,2021-10-26,2021-11-01
100516,10.0,109.9,79.9,2021-10-26,2021-11-01
100651,6.0,57.9,39.9,2020-04-16,2020-04-28
100652,6.0,57.9,39.9,2020-04-16,2020-04-28
100668,6.0,181.9,109.9,2020-04-16,2020-04-28
100390,44.0,159.9,99.9,2023-04-13,2023-04-26
100394,44.0,159.9,99.9,2023-04-13,2023-04-26
100139,6.0,744.9,619.9,2021-11-25,2021-12-15
100140,6.0,729.9,649.9,2021-11-25,2021-12-15
100417,44.0,52.9,47.9,2023-05-25,2023-06-07
100165,6.0,59.9,49.9,2023-08-31,2023-09-13
100348,6.0,299.9,229.9,2023-08-31,2023-09-13
100517,6.0,64.9,54.9,2023-08-31,2023-09-13
100596,6.0,126.9,99.9,2023-08-31,2023-09-13
100621,6.0,119.9,99.9,2023-08-31,2023-09-13
100354,5.0,399.9,249.9,2022-03-31,2022-04-13
100551,5.0,199.9,149.9,2022-03-31,2022-04-13
100553,5.0,199.9,149.9,2022-03-31,2022-04-13
100554,5.0,199.9,149.9,2022-03-31,2022-04-13
100556,5.0,199.9,149.9,2022-03-31,2022-04-13
100558,5.0,199.9,149.9,2022-03-31,2022-04-13
100650,5.0,89.9,69.9,2022-03-31,2022-04-13
100516,10.0,84.9,59.9,2020-08-18,2020-08-24
100225,5.0,99.9,79.9,2020-10-29,2020-11-11
100227,5.0,99.9,79.9,2020-10-29,2020-11-11
100257,5.0,51.9,35.9,2020-10-29,2020-11-11
100259,5.0,51.9,35.9,2020-10-29,2020-11-11
100348,5.0,199.9,129.9,2020-10-29,2020-11-11
100354,5.0,325.9,169.9,2020-10-29,2020-11-11
100453,5.0,109.9,69.9,2020-10-29,2020-11-11
100516,5.0,94.9,74.9,2020-10-29,2020-11-11
100547,5.0,159.9,89.9,2020-10-29,2020-11-11
100348,6.0,199.9,124.9,2021-06-17,2021-06-30
100462,6.0,88.9,59.9,2021-06-17,2021-06-30
100621,6.0,92.9,79.9,2021-06-17,2021-06-30
100668,6.0,169.9,119.9,2021-06-17,2021-06-30
100683,6.0,189.9,119.9,2021-06-17,2021-06-30
100686,6.0,189.9,129.9,2021-06-17,2021-06-30
100516,10.0,139.9,119.9,2022-04-12,2022-04-18
100469,10.0,53.9,34.9,2020-09-29,2020-10-05
100470,10.0,53.9,34.9,2020-09-29,2020-10-05
100370,6.0,499.9,299.9,2023-04-27,2023-05-10
100621,6.0,119.9,99.9,2023-04-27,2023-05-10
100348,5.0,159.9,119.9,2020-01-09,2020-01-22
100450,5.0,89.9,59.9,2020-01-09,2020-01-22
100469,5.0,47.9,34.9,2020-01-09,2020-01-22
100471,5.0,47.9,34.9,2020-01-09,2020-01-22
100473,5.0,47.9,34.9,2020-01-09,2020-01-22
100474,5.0,47.9,34.9,2020-01-09,2020-01-22
100523,5.0,89.9,59.9,2020-01-09,2020-01-22
100524,5.0,89.9,59.9,2020-01-09,2020-01-22
100525,5.0,89.9,59.9,2020-01-09,2020-01-22
100526,5.0,89.9,59.9,2020-01-09,2020-01-22
100528,5.0,89.9,59.9,2020-01-09,2020-01-22
100650,5.0,77.5,49.9,2020-01-09,2020-01-22
100257,5.0,51.9,34.9,2020-10-01,2020-10-14
100259,5.0,51.9,34.9,2020-10-01,2020-10-14
100544,5.0,169.9,102.9,2020-10-01,2020-10-14
100545,5.0,169.9,102.9,2020-10-01,2020-10-14
100650,5.0,79.9,54.9,2020-10-01,2020-10-14
100454,6.0,79.9,54.9,2023-11-21,2023-11-22
100470,8.0,69.9,44.9,2023-11-21,2023-11-22
100471,8.0,69.9,44.9,2023-11-21,2023-11-22
100354,5.0,579.9,359.9,2022-05-26,2022-06-08
100455,5.0,139.9,99.9,2022-05-26,2022-06-08
100464,5.0,79.9,59.9,2022-05-26,2022-06-08
100544,5.0,206.9,189.9,2022-05-26,2022-06-08
100545,5.0,206.9,189.9,2022-05-26,2022-06-08
100257,6.0,51.0,29.9,2021-02-02,2021-02-10
100259,6.0,51.0,29.9,2021-02-02,2021-02-10
100348,6.0,199.9,129.9,2021-01-28,2021-02-10
100386,6.0,56.9,37.9,2021-01-28,2021-02-10
100417,6.0,56.9,37.9,2021-01-28,2021-02-10
100370,44.0,499.9,299.9,2024-01-11,2024-01-17
100544,44.0,229.9,169.9,2024-01-11,2024-01-17
100545,44.0,229.9,179.9,2024-01-11,2024-01-17
100354,10.0,325.9,139.9,2020-04-02,2020-04-05
100354,5.0,419.9,269.9,2023-11-22,2023-12-06
100390,5.0,169.9,119.9,2023-11-22,2023-12-06
100394,5.0,169.9,119.9,2023-11-22,2023-12-06
100644,5.0,109.9,79.9,2023-11-22,2023-12-06
100648,5.0,109.9,79.9,2023-11-22,2023-12-06
100547,8.0,159.9,89.9,2021-04-08,2021-04-21
100544,10.0,169.9,102.9,2020-12-22,2020-12-28
100545,10.0,169.9,102.9,2020-12-22,2020-12-28
100046,6.0,339.9,299.9,2021-01-14,2021-01-25
100354,8.0,325.9,159.9,2021-06-03,2021-06-16
100596,6.0,126.9,99.9,2023-12-21,2024-01-10
100650,5.0,109.9,79.9,2023-05-02,2023-05-10
100354,5.0,699.9,269.9,2023-08-31,2023-09-13
100375,5.0,279.9,184.9,2023-08-31,2023-09-13
100454,5.0,84.9,65.9,2023-08-31,2023-09-13
100225,5.0,140.0,119.9,2024-02-01,2024-02-14
100227,5.0,140.0,119.9,2024-02-01,2024-02-14
100386,5.0,69.9,49.9,2024-02-01,2024-02-14
100638,5.0,179.9,109.9,2024-02-01,2024-02-14
100645,5.0,179.9,109.9,2024-02-01,2024-02-14
100453,5.0,119.9,74.9,2021-05-06,2021-05-10
100469,5.0,59.9,42.9,2021-05-06,2021-05-10
100474,5.0,59.9,42.9,2021-05-06,2021-05-10
100370,5.0,339.9,169.9,2020-03-19,2020-03-25
100386,6.0,56.9,37.9,2021-08-26,2021-09-08
100417,6.0,56.9,37.9,2021-08-26,2021-09-08
100462,6.0,89.9,59.9,2021-08-26,2021-09-08
100517,6.0,56.9,35.9,2021-08-26,2021-09-08
100045,6.0,599.9,499.9,2020-10-22,2020-11-09
100139,6.0,714.9,629.9,2020-10-22,2020-11-09
100140,6.0,699.9,629.9,2020-10-22,2020-11-09
100668,6.0,187.9,129.9,2021-11-30,2021-12-08
100516,5.0,139.9,99.9,2023-11-28,2023-12-06
100139,6.0,744.9,629.9,2022-07-05,2022-07-25
100140,6.0,729.9,669.9,2022-07-05,2022-07-25
100192,6.0,119.9,99.9,2023-04-13,2023-04-26
100193,6.0,119.9,99.9,2023-04-13,2023-04-26
100348,6.0,299.9,229.9,2023-04-13,2023-04-26
100354,6.0,399.9,259.9,2023-04-13,2023-04-26
100386,6.0,69.9,54.9,2023-04-13,2023-04-26
100417,6.0,52.9,44.9,2023-04-13,2023-04-26
100486,6.0,64.9,54.9,2023-04-13,2023-04-26
100487,6.0,64.9,54.9,2023-04-13,2023-04-26
100517,6.0,65.9,59.9,2023-04-13,2023-04-26
100530,6.0,49.9,39.9,2023-04-13,2023-04-26
100596,6.0,126.9,109.9,2023-04-13,2023-04-26
100639,6.0,94.9,79.9,2023-04-13,2023-04-26
100646,6.0,94.9,79.9,2023-04-13,2023-04-26
100656,6.0,139.9,99.9,2023-04-13,2023-04-26
100657,6.0,139.9,99.9,2023-04-13,2023-04-26
100691,6.0,129.9,99.9,2023-04-13,2023-04-26
100664,6.0,99.9,69.9,2020-04-29,2020-05-13
100665,6.0,81.9,59.9,2020-04-29,2020-05-13
100517,6.0,64.9,54.9,2023-09-28,2023-10-11
100464,5.0,79.9,55.9,2022-01-11,2022-01-19
100470,6.0,69.9,49.9,2024-01-11,2024-01-17
100471,6.0,69.9,49.9,2024-01-11,2024-01-17
100596,6.0,126.9,99.9,2024-01-11,2024-01-17
100644,6.0,109.9,89.9,2024-01-11,2024-01-17
100648,6.0,109.9,89.9,2024-01-11,2024-01-17
100683,6.0,239.9,189.9,2024-01-11,2024-01-17
100686,6.0,289.9,199.9,2024-01-11,2024-01-17
100257,8.0,64.9,51.9,2024-01-11,2024-01-17
100259,8.0,64.9,51.9,2024-01-11,2024-01-17
100370,5.0,279.9,179.9,2021-02-02,2021-02-10
100386,6.0,69.9,54.9,2023-05-25,2023-06-07
100390,6.0,159.9,119.9,2023-05-25,2023-06-07
100394,6.0,159.9,119.9,2023-05-25,2023-06-07
100454,6.0,83.9,72.9,2023-05-25,2023-06-07
100613,6.0,37.9,26.9,2023-05-25,2023-06-07
100614,6.0,37.9,26.9,2023-05-25,2023-06-07
100668,6.0,229.9,184.9,2023-05-25,2023-06-07
100139,6.0,744.9,629.9,2023-02-28,2023-03-20
100140,6.0,749.9,669.9,2023-02-28,2023-03-20
100551,5.0,124.9,124.9,2023-08-03,2023-08-16
100553,5.0,124.9,124.9,2023-08-03,2023-08-16
100554,5.0,124.9,124.9,2023-08-03,2023-08-16
100556,5.0,124.9,124.9,2023-08-03,2023-08-16
100558,5.0,124.9,124.9,2023-08-03,2023-08-16
100523,,129.9,99.9,2023-01-19,2023-02-01
100524,,129.9,99.9,2023-01-19,2023-02-01
100525,,129.9,99.9,2023-01-19,2023-02-01
100526,,129.9,99.9,2023-01-19,2023-02-01
100528,,129.9,99.9,2023-01-19,2023-02-01
100551,5.0,129.9,129.9,2023-07-20,2023-08-02
100553,5.0,119.9,119.9,2023-07-20,2023-08-02
100554,5.0,119.9,119.9,2023-07-20,2023-08-02
100558,5.0,119.9,119.9,2023-07-20,2023-08-02
100370,5.0,339.9,169.9,2020-03-30,2020-04-01
100192,5.0,94.9,79.9,2021-04-08,2021-04-21
100193,5.0,94.9,79.9,2021-04-08,2021-04-21
100354,5.0,325.9,169.9,2021-04-08,2021-04-21
100454,5.0,74.9,49.9,2021-04-08,2021-04-21
100650,5.0,79.9,59.9,2021-04-08,2021-04-21
100228,6.0,139.9,109.9,2023-01-12,2023-01-18
100399,6.0,229.9,164.9,2023-01-12,2023-01-18
100601,6.0,84.9,64.9,2023-01-12,2023-01-18
100602,6.0,84.9,64.9,2023-01-12,2023-01-18
100604,6.0,84.9,64.9,2023-01-12,2023-01-18
100607,6.0,84.9,64.9,2023-01-12,2023-01-18
100639,6.0,99.9,79.9,2023-01-12,2023-01-18
100646,6.0,99.9,79.9,2023-01-12,2023-01-18
100184,5.0,98.9,59.9,2020-06-25,2020-07-08
100257,5.0,53.9,34.9,2020-06-25,2020-07-08
100259,5.0,53.9,34.9,2020-06-25,2020-07-08
100455,5.0,89.9,69.9,2020-06-25,2020-07-08
100523,5.0,95.9,59.9,2020-06-25,2020-07-08
100524,5.0,95.9,59.9,2020-06-25,2020-07-08
100525,5.0,95.9,59.9,2020-06-25,2020-07-08
100526,5.0,95.9,59.9,2020-06-25,2020-07-08
100528,5.0,95.9,59.9,2020-06-25,2020-07-08
100551,5.0,139.9,89.9,2020-06-25,2020-07-08
100553,5.0,139.9,89.9,2020-06-25,2020-07-08
100554,5.0,139.9,89.9,2020-06-25,2020-07-08
100556,5.0,139.9,89.9,2020-06-25,2020-07-08
100558,5.0,139.9,89.9,2020-06-25,2020-07-08
100390,,159.9,99.9,2022-09-15,2022-09-28
100686,6.0,289.9,199.9,2024-02-01,2024-02-14
100184,5.0,99.9,79.9,2023-04-27,2023-05-10
100228,5.0,129.9,109.9,2023-04-27,2023-05-10
100454,5.0,86.9,74.9,2023-04-27,2023-05-10
100470,5.0,74.9,54.9,2023-04-27,2023-05-10
100473,5.0,74.9,54.9,2023-04-27,2023-05-10
100544,5.0,229.9,194.9,2023-04-27,2023-05-10
100545,5.0,229.9,194.9,2023-04-27,2023-05-10
100638,5.0,149.9,99.9,2023-04-27,2023-05-10
100645,5.0,149.9,99.9,2023-04-27,2023-05-10
100650,10.0,109.9,79.9,2023-04-25,2023-05-01
100370,10.0,399.9,179.9,2021-04-20,2021-04-26
100516,10.0,99.9,79.9,2021-04-20,2021-04-26
100139,6.0,744.9,619.9,2022-01-25,2022-02-07
100192,5.0,94.9,69.9,2020-05-28,2020-06-09
100193,5.0,94.9,69.9,2020-05-28,2020-06-09
100257,5.0,53.9,35.9,2020-05-28,2020-06-09
100259,5.0,53.9,35.9,2020-05-28,2020-06-09
100523,5.0,95.9,59.9,2020-05-28,2020-06-09
100524,5.0,95.9,59.9,2020-05-28,2020-06-09
100525,5.0,95.9,59.9,2020-05-28,2020-06-09
100526,5.0,95.9,59.9,2020-05-28,2020-06-09
100528,5.0,95.9,59.9,2020-05-28,2020-06-09
100551,5.0,139.9,85.0,2020-05-28,2020-06-09
100553,5.0,139.9,85.0,2020-05-28,2020-06-09
100554,5.0,139.9,85.0,2020-05-28,2020-06-09
100556,5.0,139.9,85.0,2020-05-28,2020-06-09
100558,5.0,139.9,85.0,2020-05-28,2020-06-09
100184,5.0,94.9,49.9,2020-10-20,2020-10-28
100192,5.0,94.9,74.9,2020-10-15,2020-10-28
100193,5.0,94.9,74.9,2020-10-15,2020-10-28
100450,5.0,109.9,69.9,2020-10-15,2020-10-28
100523,5.0,95.9,59.9,2020-10-15,2020-10-28
100524,5.0,95.9,59.9,2020-10-15,2020-10-28
100525,5.0,95.9,59.9,2020-10-15,2020-10-28
100526,5.0,95.9,59.9,2020-10-15,2020-10-28
100528,5.0,95.9,59.9,2020-10-15,2020-10-28
100551,5.0,139.9,89.9,2020-10-15,2020-10-28
100553,5.0,139.9,89.9,2020-10-15,2020-10-28
100554,5.0,139.9,89.9,2020-10-15,2020-10-28
100556,5.0,139.9,89.9,2020-10-15,2020-10-28
100558,5.0,139.9,89.9,2020-10-15,2020-10-28
100601,5.0,59.9,49.9,2020-10-15,2020-10-28
100602,5.0,59.9,49.9,2020-10-15,2020-10-28
100604,5.0,59.9,49.9,2020-10-15,2020-10-28
100607,5.0,59.9,49.9,2020-10-15,2020-10-28
100644,5.0,69.9,59.9,2020-10-15,2020-10-28
100648,5.0,69.9,59.9,2020-10-15,2020-10-28
100192,5.0,94.9,79.9,2021-05-06,2021-05-19
100193,5.0,94.9,79.9,2021-05-06,2021-05-19
100354,5.0,325.9,159.9,2021-05-06,2021-05-19
100448,5.0,74.9,54.9,2021-05-06,2021-05-19
100450,5.0,139.9,89.9,2021-05-06,2021-05-19
100523,5.0,104.9,64.9,2021-05-06,2021-05-19
100524,5.0,104.9,64.9,2021-05-06,2021-05-19
100525,5.0,104.9,64.9,2021-05-06,2021-05-19
100526,5.0,104.9,64.9,2021-05-06,2021-05-19
100528,5.0,104.9,64.9,2021-05-06,2021-05-19
100551,5.0,149.9,84.9,2021-05-06,2021-05-19
100553,5.0,149.9,84.9,2021-05-06,2021-05-19
100554,5.0,149.9,84.9,2021-05-06,2021-05-19
100556,5.0,149.9,84.9,2021-05-06,2021-05-19
100558,5.0,149.9,84.9,2021-05-06,2021-05-19
100354,5.0,325.9,149.9,2020-01-02,2020-01-05
100348,5.0,299.9,229.9,2024-01-17,2024-01-31
100354,5.0,519.9,279.9,2024-01-17,2024-01-31
100454,5.0,75.9,59.9,2024-01-17,2024-01-31
100662,5.0,189.9,144.9,2024-01-17,2024-01-31
100663,5.0,149.9,124.9,2024-01-17,2024-01-31
100664,5.0,149.9,109.9,2024-01-17,2024-01-31
100665,5.0,129.9,99.9,2024-01-17,2024-01-31
100486,44.0,69.9,49.9,2023-08-03,2023-08-16
100487,44.0,69.9,49.9,2023-08-03,2023-08-16
100516,44.0,129.9,99.9,2023-08-03,2023-08-16
100139,6.0,744.9,619.9,2021-02-09,2021-03-01
100192,5.0,94.9,69.9,2021-06-03,2021-06-16
100193,5.0,94.9,69.9,2021-06-03,2021-06-16
100454,5.0,74.9,52.9,2021-06-03,2021-06-16
100544,5.0,189.9,104.9,2021-06-03,2021-06-16
100545,5.0,189.9,104.9,2021-06-03,2021-06-16
100639,,94.9,74.9,2023-03-16,2023-03-29
100646,,94.9,74.9,2023-03-16,2023-03-29
100474,10.0,75.9,49.9,2022-01-11,2022-01-19
100192,5.0,94.9,79.9,2021-01-12,2021-01-27
100193,5.0,94.9,79.9,2021-01-12,2021-01-27
100228,5.0,99.9,79.9,2021-01-12,2021-01-27
100453,5.0,109.9,79.9,2021-01-12,2021-01-27
100523,5.0,95.9,59.9,2021-01-12,2021-01-27
100524,5.0,95.9,59.9,2021-01-12,2021-01-27
100525,5.0,95.9,59.9,2021-01-12,2021-01-27
100526,5.0,95.9,59.9,2021-01-12,2021-01-27
100528,5.0,95.9,59.9,2021-01-12,2021-01-27
100650,5.0,79.9,59.9,2021-01-12,2021-01-27
100370,10.0,399.9,159.9,2021-06-22,2021-06-28
100471,10.0,55.9,39.9,2021-01-12,2021-01-18
100473,10.0,55.9,39.9,2021-01-12,2021-01-18
100474,10.0,55.9,39.9,2021-01-12,2021-01-18
100394,6.0,159.9,99.9,2022-09-15,2022-09-28
100464,6.0,84.9,59.9,2022-09-15,2022-09-28
100656,6.0,139.9,99.9,2022-09-15,2022-09-28
100657,6.0,139.9,99.9,2022-09-15,2022-09-28
100662,6.0,189.9,149.9,2022-09-15,2022-09-28
100663,6.0,139.9,109.9,2022-09-15,2022-09-28
100664,6.0,129.9,109.9,2022-09-15,2022-09-28
100665,6.0,119.9,99.9,2022-09-15,2022-09-28
100683,6.0,289.9,179.9,2022-09-15,2022-09-28
100686,6.0,309.9,209.9,2022-09-15,2022-09-28
100184,5.0,99.9,79.9,2023-05-25,2023-06-07
100544,5.0,229.9,194.9,2023-05-25,2023-06-07
100545,5.0,229.9,194.9,2023-05-25,2023-06-07
100469,5.0,53.9,39.9,2020-06-25,2020-07-08
100471,5.0,53.9,39.9,2020-06-25,2020-07-08
100473,5.0,53.9,39.9,2020-06-25,2020-07-08
100474,5.0,53.9,39.9,2020-06-25,2020-07-08
100453,10.0,109.9,59.9,2020-11-03,2020-11-09
100257,5.0,59.9,49.9,2023-04-13,2023-04-26
100259,5.0,59.9,49.9,2023-04-13,2023-04-26
100462,5.0,99.9,89.9,2023-04-13,2023-04-26
100448,10.0,86.9,69.9,2023-04-13,2023-04-26
100516,10.0,129.9,89.9,2023-04-13,2023-04-26
100126,5.0,449.9,439.9,2024-01-22,2024-02-05
100551,5.0,159.9,139.9,2022-11-10,2022-11-23
100553,5.0,159.9,139.9,2022-11-10,2022-11-23
100554,5.0,159.9,139.9,2022-11-10,2022-11-23
100558,5.0,159.9,139.9,2022-11-10,2022-11-23
100523,,129.9,99.9,2022-11-10,2022-11-23
100524,,129.9,99.9,2022-11-10,2022-11-23
100525,,129.9,99.9,2022-11-10,2022-11-23
100526,,129.9,99.9,2022-11-10,2022-11-23
100528,,129.9,99.9,2022-11-10,2022-11-23
100375,5.0,199.9,139.9,2020-01-23,2020-02-05
100453,5.0,91.5,69.9,2020-01-23,2020-02-05
100544,5.0,166.9,99.9,2020-01-23,2020-02-05
100545,5.0,166.9,99.9,2020-01-23,2020-02-05
100551,5.0,139.9,79.9,2020-01-23,2020-02-05
100553,5.0,139.9,79.9,2020-01-23,2020-02-05
100554,5.0,139.9,79.9,2020-01-23,2020-02-05
100556,5.0,139.9,79.9,2020-01-23,2020-02-05
100558,5.0,139.9,79.9,2020-01-23,2020-02-05
100544,5.0,169.9,102.9,2021-01-28,2021-02-10
100545,5.0,169.9,102.9,2021-01-28,2021-02-10
100551,5.0,139.9,89.9,2021-01-28,2021-02-10
100553,5.0,139.9,89.9,2021-01-28,2021-02-10
100554,5.0,139.9,89.9,2021-01-28,2021-02-10
100556,5.0,139.9,89.9,2021-01-28,2021-02-10
100558,5.0,139.9,89.9,2021-01-28,2021-02-10
100611,5.0,35.9,29.9,2021-01-28,2021-02-10
100612,5.0,35.9,29.9,2021-01-28,2021-02-10
100386,6.0,56.9,39.9,2021-11-16,2021-11-29
100390,6.0,129.9,89.9,2021-11-16,2021-11-29
100394,6.0,129.9,89.9,2021-11-16,2021-11-29
100399,6.0,189.9,139.9,2021-11-16,2021-11-29
100417,6.0,56.9,39.9,2021-11-16,2021-11-29
100348,6.0,199.9,124.9,2021-10-07,2021-10-20
100386,6.0,56.9,37.9,2021-10-07,2021-10-20
100417,6.0,56.9,37.9,2021-10-07,2021-10-20
100544,5.0,166.9,99.9,2020-07-09,2020-07-22
100545,5.0,166.9,99.9,2020-07-09,2020-07-22
100644,5.0,69.9,49.9,2020-07-09,2020-07-22
100648,5.0,69.9,49.9,2020-07-09,2020-07-22
100683,5.0,175.9,119.9,2020-07-09,2020-07-22
100686,5.0,175.9,119.9,2020-07-09,2020-07-22
100192,6.0,119.9,99.9,2023-01-19,2023-02-01
100193,6.0,119.9,99.9,2023-01-19,2023-02-01
100348,6.0,299.9,229.9,2023-01-19,2023-02-01
100354,6.0,579.9,259.9,2023-01-19,2023-02-01
100386,6.0,69.9,54.9,2023-01-19,2023-02-01
100390,6.0,159.9,104.9,2023-01-19,2023-02-01
100394,6.0,159.9,104.9,2023-01-19,2023-02-01
100462,6.0,89.9,79.9,2023-01-19,2023-02-01
100464,6.0,71.9,59.9,2023-01-19,2023-02-01
100530,6.0,39.9,32.9,2023-01-19,2023-02-01
100639,6.0,94.9,69.9,2023-01-19,2023-02-01
100646,6.0,94.9,69.9,2023-01-19,2023-02-01
100651,6.0,92.9,69.9,2023-01-19,2023-02-01
100652,6.0,92.9,69.9,2023-01-19,2023-02-01
100523,8.0,104.9,64.9,2021-06-17,2021-06-30
100524,8.0,104.9,64.9,2021-06-17,2021-06-30
100525,8.0,104.9,64.9,2021-06-17,2021-06-30
100526,8.0,104.9,64.9,2021-06-17,2021-06-30
100528,8.0,104.9,64.9,2021-06-17,2021-06-30
100370,5.0,399.9,199.9,2021-06-17,2021-06-21
100638,5.0,99.9,74.9,2020-07-09,2020-07-22
100645,5.0,99.9,74.9,2020-07-09,2020-07-22
100370,5.0,449.9,269.9,2023-01-12,2023-01-18
100469,10.0,79.9,49.9,2023-01-12,2023-01-18
100471,10.0,79.9,49.9,2023-01-12,2023-01-18
100474,10.0,79.9,49.9,2023-01-12,2023-01-18
100644,10.0,109.9,79.9,2023-01-12,2023-01-18
100648,10.0,109.9,79.9,2023-01-12,2023-01-18
100547,8.0,159.9,89.9,2021-08-26,2021-09-08
100544,5.0,166.9,99.9,2020-06-10,2020-06-24
100545,5.0,166.9,99.9,2020-06-10,2020-06-24
100192,6.0,94.9,74.9,2020-09-17,2020-09-30
100193,6.0,94.9,74.9,2020-09-17,2020-09-30
100386,6.0,51.9,39.9,2020-09-17,2020-09-30
100390,6.0,124.9,79.9,2020-09-17,2020-09-30
100394,6.0,124.9,79.9,2020-09-17,2020-09-30
100417,6.0,51.9,39.9,2020-09-17,2020-09-30
100455,6.0,79.9,59.9,2020-09-17,2020-09-30
100523,6.0,104.9,59.9,2020-09-17,2020-09-30
100524,6.0,104.9,59.9,2020-09-17,2020-09-30
100525,6.0,104.9,59.9,2020-09-17,2020-09-30
100526,6.0,104.9,59.9,2020-09-17,2020-09-30
100528,6.0,104.9,59.9,2020-09-17,2020-09-30
100551,6.0,139.9,89.9,2020-09-17,2020-09-30
100553,6.0,139.9,89.9,2020-09-17,2020-09-30
100554,6.0,139.9,89.9,2020-09-17,2020-09-30
100556,6.0,139.9,89.9,2020-09-17,2020-09-30
100558,6.0,139.9,89.9,2020-09-17,2020-09-30
100638,6.0,99.9,79.9,2020-09-17,2020-09-30
100645,6.0,99.9,79.9,2020-09-17,2020-09-30
100651,6.0,57.9,39.9,2020-09-17,2020-09-30
100652,6.0,57.9,39.9,2020-09-17,2020-09-30
100656,6.0,109.9,69.9,2020-09-17,2020-09-30
100657,6.0,109.9,69.9,2020-09-17,2020-09-30
100668,6.0,181.9,114.9,2020-09-17,2020-09-30
100596,6.0,126.9,109.9,2023-07-20,2023-08-02
100651,6.0,92.9,64.9,2023-07-20,2023-08-02
100652,6.0,92.9,64.9,2023-07-20,2023-08-02
100225,8.0,140.0,99.9,2023-07-20,2023-08-02
100227,8.0,140.0,99.9,2023-07-20,2023-08-02
100638,5.0,149.9,109.9,2023-05-30,2023-06-07
100645,5.0,149.9,109.9,2023-05-30,2023-06-07
100638,10.0,149.9,99.9,2023-05-23,2023-05-29
100645,10.0,149.9,99.9,2023-05-23,2023-05-29
100471,10.0,71.9,49.9,2023-05-25,2023-06-07
100469,5.0,69.9,44.9,2023-11-07,2023-11-22
100470,5.0,69.9,44.9,2023-11-07,2023-11-19
100471,5.0,69.9,44.9,2023-11-07,2023-11-19
100474,5.0,69.9,44.9,2023-11-07,2023-11-22
